/*
SQLyog Ultimate v11.13 (64 bit)
MySQL - 8.0.17 : Database - ry
*********************************************************************
*/

/*!40101 SET NAMES utf8 */;

/*!40101 SET SQL_MODE=''*/;

/*!40014 SET @OLD_UNIQUE_CHECKS=@@UNIQUE_CHECKS, UNIQUE_CHECKS=0 */;
/*!40014 SET @OLD_FOREIGN_KEY_CHECKS=@@FOREIGN_KEY_CHECKS, FOREIGN_KEY_CHECKS=0 */;
/*!40101 SET @OLD_SQL_MODE=@@SQL_MODE, SQL_MODE='NO_AUTO_VALUE_ON_ZERO' */;
/*!40111 SET @OLD_SQL_NOTES=@@SQL_NOTES, SQL_NOTES=0 */;
CREATE DATABASE /*!32312 IF NOT EXISTS*/`ry` /*!40100 DEFAULT CHARACTER SET utf8 */ /*!80016 DEFAULT ENCRYPTION='N' */;

USE `ry`;

/*Table structure for table `gen_table` */

DROP TABLE IF EXISTS `gen_table`;

CREATE TABLE `gen_table` (
  `table_id` bigint(20) NOT NULL AUTO_INCREMENT COMMENT 'ç¼–å·',
  `table_name` varchar(200) DEFAULT '' COMMENT 'è¡¨åç§°',
  `table_comment` varchar(500) DEFAULT '' COMMENT 'è¡¨æè¿°',
  `sub_table_name` varchar(64) DEFAULT NULL COMMENT 'å…³è”å­è¡¨çš„è¡¨å',
  `sub_table_fk_name` varchar(64) DEFAULT NULL COMMENT 'å­è¡¨å…³è”çš„å¤–é”®å',
  `class_name` varchar(100) DEFAULT '' COMMENT 'å®ä½“ç±»åç§°',
  `tpl_category` varchar(200) DEFAULT 'crud' COMMENT 'ä½¿ç”¨çš„æ¨¡æ¿ï¼ˆcrudå•è¡¨æ“ä½œ treeæ ‘è¡¨æ“ä½œ subä¸»å­è¡¨æ“ä½œï¼‰',
  `package_name` varchar(100) DEFAULT NULL COMMENT 'ç”ŸæˆåŒ…è·¯å¾„',
  `module_name` varchar(30) DEFAULT NULL COMMENT 'ç”Ÿæˆæ¨¡å—å',
  `business_name` varchar(30) DEFAULT NULL COMMENT 'ç”Ÿæˆä¸šåŠ¡å',
  `function_name` varchar(50) DEFAULT NULL COMMENT 'ç”ŸæˆåŠŸèƒ½å',
  `function_author` varchar(50) DEFAULT NULL COMMENT 'ç”ŸæˆåŠŸèƒ½ä½œè€…',
  `gen_type` char(1) DEFAULT '0' COMMENT 'ç”Ÿæˆä»£ç æ–¹å¼ï¼ˆ0zipå‹ç¼©åŒ… 1è‡ªå®šä¹‰è·¯å¾„ï¼‰',
  `gen_path` varchar(200) DEFAULT '/' COMMENT 'ç”Ÿæˆè·¯å¾„ï¼ˆä¸å¡«é»˜è®¤é¡¹ç›®è·¯å¾„ï¼‰',
  `options` varchar(1000) DEFAULT NULL COMMENT 'å…¶å®ƒç”Ÿæˆé€‰é¡¹',
  `create_by` varchar(64) DEFAULT '' COMMENT 'åˆ›å»ºè€…',
  `create_time` datetime DEFAULT NULL COMMENT 'åˆ›å»ºæ—¶é—´',
  `update_by` varchar(64) DEFAULT '' COMMENT 'æ›´æ–°è€…',
  `update_time` datetime DEFAULT NULL COMMENT 'æ›´æ–°æ—¶é—´',
  `remark` varchar(500) DEFAULT NULL COMMENT 'å¤‡æ³¨',
  PRIMARY KEY (`table_id`)
) ENGINE=InnoDB AUTO_INCREMENT=23 DEFAULT CHARSET=utf8 COMMENT='ä»£ç ç”Ÿæˆä¸šåŠ¡è¡¨';

/*Data for the table `gen_table` */

insert  into `gen_table`(`table_id`,`table_name`,`table_comment`,`sub_table_name`,`sub_table_fk_name`,`class_name`,`tpl_category`,`package_name`,`module_name`,`business_name`,`function_name`,`function_author`,`gen_type`,`gen_path`,`options`,`create_by`,`create_time`,`update_by`,`update_time`,`remark`) values (21,'student','Student',NULL,NULL,'Student','crud','com.Felix.system','system','student','StudentInfo','Felix','0','/','{\"parentMenuId\":\"1\",\"treeName\":\"\",\"treeParentCode\":\"\",\"parentMenuName\":\"System Management\",\"treeCode\":\"\"}','admin','2020-07-24 10:02:33','','2020-07-24 10:03:33',''),(22,'postinfo','Post Information',NULL,NULL,'Postinfo','crud','com.Felix.system','system','postinfo','Post Information','Felix','0','/','{\"parentMenuId\":\"1\",\"treeName\":\"\",\"treeParentCode\":\"\",\"parentMenuName\":\"System Management\",\"treeCode\":\"\"}','admin','2020-07-24 10:10:46','','2020-07-24 10:11:23','');

/*Table structure for table `gen_table_column` */

DROP TABLE IF EXISTS `gen_table_column`;

CREATE TABLE `gen_table_column` (
  `column_id` bigint(20) NOT NULL AUTO_INCREMENT COMMENT 'ç¼–å·',
  `table_id` varchar(64) DEFAULT NULL COMMENT 'å½’å±è¡¨ç¼–å·',
  `column_name` varchar(200) DEFAULT NULL COMMENT 'åˆ—åç§°',
  `column_comment` varchar(500) DEFAULT NULL COMMENT 'åˆ—æè¿°',
  `column_type` varchar(100) DEFAULT NULL COMMENT 'åˆ—ç±»å‹',
  `java_type` varchar(500) DEFAULT NULL COMMENT 'JAVAç±»å‹',
  `java_field` varchar(200) DEFAULT NULL COMMENT 'JAVAå­—æ®µå',
  `is_pk` char(1) DEFAULT NULL COMMENT 'æ˜¯å¦ä¸»é”®ï¼ˆ1æ˜¯ï¼‰',
  `is_increment` char(1) DEFAULT NULL COMMENT 'æ˜¯å¦è‡ªå¢ï¼ˆ1æ˜¯ï¼‰',
  `is_required` char(1) DEFAULT NULL COMMENT 'æ˜¯å¦å¿…å¡«ï¼ˆ1æ˜¯ï¼‰',
  `is_insert` char(1) DEFAULT NULL COMMENT 'æ˜¯å¦ä¸ºæ’å…¥å­—æ®µï¼ˆ1æ˜¯ï¼‰',
  `is_edit` char(1) DEFAULT NULL COMMENT 'æ˜¯å¦ç¼–è¾‘å­—æ®µï¼ˆ1æ˜¯ï¼‰',
  `is_list` char(1) DEFAULT NULL COMMENT 'æ˜¯å¦åˆ—è¡¨å­—æ®µï¼ˆ1æ˜¯ï¼‰',
  `is_query` char(1) DEFAULT NULL COMMENT 'æ˜¯å¦æŸ¥è¯¢å­—æ®µï¼ˆ1æ˜¯ï¼‰',
  `query_type` varchar(200) DEFAULT 'EQ' COMMENT 'æŸ¥è¯¢æ–¹å¼ï¼ˆç­‰äºã€ä¸ç­‰äºã€å¤§äºã€å°äºã€èŒƒå›´ï¼‰',
  `html_type` varchar(200) DEFAULT NULL COMMENT 'æ˜¾ç¤ºç±»å‹ï¼ˆæ–‡æœ¬æ¡†ã€æ–‡æœ¬åŸŸã€ä¸‹æ‹‰æ¡†ã€å¤é€‰æ¡†ã€å•é€‰æ¡†ã€æ—¥æœŸæ§ä»¶ï¼‰',
  `dict_type` varchar(200) DEFAULT '' COMMENT 'å­—å…¸ç±»å‹',
  `sort` int(11) DEFAULT NULL COMMENT 'æ’åº',
  `create_by` varchar(64) DEFAULT '' COMMENT 'åˆ›å»ºè€…',
  `create_time` datetime DEFAULT NULL COMMENT 'åˆ›å»ºæ—¶é—´',
  `update_by` varchar(64) DEFAULT '' COMMENT 'æ›´æ–°è€…',
  `update_time` datetime DEFAULT NULL COMMENT 'æ›´æ–°æ—¶é—´',
  PRIMARY KEY (`column_id`)
) ENGINE=InnoDB AUTO_INCREMENT=142 DEFAULT CHARSET=utf8 COMMENT='ä»£ç ç”Ÿæˆä¸šåŠ¡è¡¨å­—æ®µ';

/*Data for the table `gen_table_column` */

insert  into `gen_table_column`(`column_id`,`table_id`,`column_name`,`column_comment`,`column_type`,`java_type`,`java_field`,`is_pk`,`is_increment`,`is_required`,`is_insert`,`is_edit`,`is_list`,`is_query`,`query_type`,`html_type`,`dict_type`,`sort`,`create_by`,`create_time`,`update_by`,`update_time`) values (134,'21','id','id','int(11)','Long','id','1','1',NULL,'1',NULL,NULL,NULL,'EQ','input','',1,'admin','2020-07-24 10:02:34',NULL,'2020-07-24 10:03:33'),(135,'21','name','name','varchar(255)','String','name','0','0',NULL,'1','1','1','1','LIKE','input','',2,'admin','2020-07-24 10:02:34',NULL,'2020-07-24 10:03:33'),(136,'21','age','age','int(3)','Integer','age','0','0',NULL,'1','1','1','1','EQ','input','',3,'admin','2020-07-24 10:02:34',NULL,'2020-07-24 10:03:33'),(137,'21','score','score','varchar(255)','String','score','0','0',NULL,'1','1','1','1','EQ','input','',4,'admin','2020-07-24 10:02:34',NULL,'2020-07-24 10:03:33'),(138,'21','subject','subject','varchar(255)','String','subject','0','0',NULL,'1','1','1','1','EQ','input','',5,'admin','2020-07-24 10:02:34',NULL,'2020-07-24 10:03:33'),(139,'22','id','id','int(11)','Long','id','1','1',NULL,'1',NULL,NULL,NULL,'EQ','input','',1,'admin','2020-07-24 10:10:46',NULL,'2020-07-24 10:11:23'),(140,'22','name','name','varchar(255)','String','name','0','0',NULL,'1','1','1','1','LIKE','input','',2,'admin','2020-07-24 10:10:46',NULL,'2020-07-24 10:11:23'),(141,'22','code','code','int(3)','Integer','code','0','0',NULL,'1','1','1','1','EQ','input','',3,'admin','2020-07-24 10:10:47',NULL,'2020-07-24 10:11:23');

/*Table structure for table `postinfo` */

DROP TABLE IF EXISTS `postinfo`;

CREATE TABLE `postinfo` (
  `id` int(11) NOT NULL AUTO_INCREMENT,
  `name` varchar(255) DEFAULT NULL,
  `code` int(3) DEFAULT NULL,
  PRIMARY KEY (`id`)
) ENGINE=InnoDB AUTO_INCREMENT=5 DEFAULT CHARSET=utf8;

/*Data for the table `postinfo` */

/*Table structure for table `qrtz_blob_triggers` */

DROP TABLE IF EXISTS `qrtz_blob_triggers`;

CREATE TABLE `qrtz_blob_triggers` (
  `sched_name` varchar(120) NOT NULL,
  `trigger_name` varchar(200) NOT NULL,
  `trigger_group` varchar(200) NOT NULL,
  `blob_data` blob,
  PRIMARY KEY (`sched_name`,`trigger_name`,`trigger_group`),
  CONSTRAINT `qrtz_blob_triggers_ibfk_1` FOREIGN KEY (`sched_name`, `trigger_name`, `trigger_group`) REFERENCES `qrtz_triggers` (`sched_name`, `trigger_name`, `trigger_group`)
) ENGINE=InnoDB DEFAULT CHARSET=utf8;

/*Data for the table `qrtz_blob_triggers` */

/*Table structure for table `qrtz_calendars` */

DROP TABLE IF EXISTS `qrtz_calendars`;

CREATE TABLE `qrtz_calendars` (
  `sched_name` varchar(120) NOT NULL,
  `calendar_name` varchar(200) NOT NULL,
  `calendar` blob NOT NULL,
  PRIMARY KEY (`sched_name`,`calendar_name`)
) ENGINE=InnoDB DEFAULT CHARSET=utf8;

/*Data for the table `qrtz_calendars` */

/*Table structure for table `qrtz_cron_triggers` */

DROP TABLE IF EXISTS `qrtz_cron_triggers`;

CREATE TABLE `qrtz_cron_triggers` (
  `sched_name` varchar(120) NOT NULL,
  `trigger_name` varchar(200) NOT NULL,
  `trigger_group` varchar(200) NOT NULL,
  `cron_expression` varchar(200) NOT NULL,
  `time_zone_id` varchar(80) DEFAULT NULL,
  PRIMARY KEY (`sched_name`,`trigger_name`,`trigger_group`),
  CONSTRAINT `qrtz_cron_triggers_ibfk_1` FOREIGN KEY (`sched_name`, `trigger_name`, `trigger_group`) REFERENCES `qrtz_triggers` (`sched_name`, `trigger_name`, `trigger_group`)
) ENGINE=InnoDB DEFAULT CHARSET=utf8;

/*Data for the table `qrtz_cron_triggers` */

insert  into `qrtz_cron_triggers`(`sched_name`,`trigger_name`,`trigger_group`,`cron_expression`,`time_zone_id`) values ('RuoyiScheduler','TASK_CLASS_NAME1','DEFAULT','0/10 * * * * ?','Asia/Shanghai'),('RuoyiScheduler','TASK_CLASS_NAME2','DEFAULT','0/15 * * * * ?','Asia/Shanghai'),('RuoyiScheduler','TASK_CLASS_NAME3','DEFAULT','0/20 * * * * ?','Asia/Shanghai');

/*Table structure for table `qrtz_fired_triggers` */

DROP TABLE IF EXISTS `qrtz_fired_triggers`;

CREATE TABLE `qrtz_fired_triggers` (
  `sched_name` varchar(120) NOT NULL,
  `entry_id` varchar(95) NOT NULL,
  `trigger_name` varchar(200) NOT NULL,
  `trigger_group` varchar(200) NOT NULL,
  `instance_name` varchar(200) NOT NULL,
  `fired_time` bigint(13) NOT NULL,
  `sched_time` bigint(13) NOT NULL,
  `priority` int(11) NOT NULL,
  `state` varchar(16) NOT NULL,
  `job_name` varchar(200) DEFAULT NULL,
  `job_group` varchar(200) DEFAULT NULL,
  `is_nonconcurrent` varchar(1) DEFAULT NULL,
  `requests_recovery` varchar(1) DEFAULT NULL,
  PRIMARY KEY (`sched_name`,`entry_id`)
) ENGINE=InnoDB DEFAULT CHARSET=utf8;

/*Data for the table `qrtz_fired_triggers` */

/*Table structure for table `qrtz_job_details` */

DROP TABLE IF EXISTS `qrtz_job_details`;

CREATE TABLE `qrtz_job_details` (
  `sched_name` varchar(120) NOT NULL,
  `job_name` varchar(200) NOT NULL,
  `job_group` varchar(200) NOT NULL,
  `description` varchar(250) DEFAULT NULL,
  `job_class_name` varchar(250) NOT NULL,
  `is_durable` varchar(1) NOT NULL,
  `is_nonconcurrent` varchar(1) NOT NULL,
  `is_update_data` varchar(1) NOT NULL,
  `requests_recovery` varchar(1) NOT NULL,
  `job_data` blob,
  PRIMARY KEY (`sched_name`,`job_name`,`job_group`)
) ENGINE=InnoDB DEFAULT CHARSET=utf8;

/*Data for the table `qrtz_job_details` */

insert  into `qrtz_job_details`(`sched_name`,`job_name`,`job_group`,`description`,`job_class_name`,`is_durable`,`is_nonconcurrent`,`is_update_data`,`requests_recovery`,`job_data`) values ('RuoyiScheduler','TASK_CLASS_NAME1','DEFAULT',NULL,'com.ruoyi.quartz.util.QuartzDisallowConcurrentExecution','0','1','0','0','¬í\0sr\0org.quartz.JobDataMapŸ°ƒè¿©°Ë\0\0xr\0&org.quartz.utils.StringKeyDirtyFlagMap‚èÃûÅ](\0Z\0allowsTransientDataxr\0org.quartz.utils.DirtyFlagMapæ.­(v\nÎ\0Z\0dirtyL\0mapt\0Ljava/util/Map;xpsr\0java.util.HashMapÚÁÃ`Ñ\0F\0\nloadFactorI\0	thresholdxp?@\0\0\0\0\0w\0\0\0\0\0\0t\0TASK_PROPERTIESsr\0com.ruoyi.quartz.domain.SysJob\0\0\0\0\0\0\0\0L\0\nconcurrentt\0Ljava/lang/String;L\0cronExpressionq\0~\0	L\0invokeTargetq\0~\0	L\0jobGroupq\0~\0	L\0jobIdt\0Ljava/lang/Long;L\0jobNameq\0~\0	L\0\rmisfirePolicyq\0~\0	L\0statusq\0~\0	xr\0\'com.ruoyi.common.core.domain.BaseEntity\0\0\0\0\0\0\0\0L\0createByq\0~\0	L\0\ncreateTimet\0Ljava/util/Date;L\0paramsq\0~\0L\0remarkq\0~\0	L\0searchValueq\0~\0	L\0updateByq\0~\0	L\0\nupdateTimeq\0~\0xpt\0adminsr\0java.util.DatehjKYt\0\0xpw\0\0b,Ş)àxpt\0\0pppt\01t\00/10 * * * * ?t\0ryTask.ryNoParamst\0DEFAULTsr\0java.lang.Long;‹äÌ#ß\0J\0valuexr\0java.lang.Number†¬•”à‹\0\0xp\0\0\0\0\0\0\0t\0ç³»ç»Ÿé»˜è®¤ï¼ˆæ— å‚ï¼‰t\03t\01x\0'),('RuoyiScheduler','TASK_CLASS_NAME2','DEFAULT',NULL,'com.ruoyi.quartz.util.QuartzDisallowConcurrentExecution','0','1','0','0','¬í\0sr\0org.quartz.JobDataMapŸ°ƒè¿©°Ë\0\0xr\0&org.quartz.utils.StringKeyDirtyFlagMap‚èÃûÅ](\0Z\0allowsTransientDataxr\0org.quartz.utils.DirtyFlagMapæ.­(v\nÎ\0Z\0dirtyL\0mapt\0Ljava/util/Map;xpsr\0java.util.HashMapÚÁÃ`Ñ\0F\0\nloadFactorI\0	thresholdxp?@\0\0\0\0\0w\0\0\0\0\0\0t\0TASK_PROPERTIESsr\0com.ruoyi.quartz.domain.SysJob\0\0\0\0\0\0\0\0L\0\nconcurrentt\0Ljava/lang/String;L\0cronExpressionq\0~\0	L\0invokeTargetq\0~\0	L\0jobGroupq\0~\0	L\0jobIdt\0Ljava/lang/Long;L\0jobNameq\0~\0	L\0\rmisfirePolicyq\0~\0	L\0statusq\0~\0	xr\0\'com.ruoyi.common.core.domain.BaseEntity\0\0\0\0\0\0\0\0L\0createByq\0~\0	L\0\ncreateTimet\0Ljava/util/Date;L\0paramsq\0~\0L\0remarkq\0~\0	L\0searchValueq\0~\0	L\0updateByq\0~\0	L\0\nupdateTimeq\0~\0xpt\0adminsr\0java.util.DatehjKYt\0\0xpw\0\0b,Ş)àxpt\0\0pppt\01t\00/15 * * * * ?t\0ryTask.ryParams(\'ry\')t\0DEFAULTsr\0java.lang.Long;‹äÌ#ß\0J\0valuexr\0java.lang.Number†¬•”à‹\0\0xp\0\0\0\0\0\0\0t\0ç³»ç»Ÿé»˜è®¤ï¼ˆæœ‰å‚ï¼‰t\03t\01x\0'),('RuoyiScheduler','TASK_CLASS_NAME3','DEFAULT',NULL,'com.ruoyi.quartz.util.QuartzDisallowConcurrentExecution','0','1','0','0','¬í\0sr\0org.quartz.JobDataMapŸ°ƒè¿©°Ë\0\0xr\0&org.quartz.utils.StringKeyDirtyFlagMap‚èÃûÅ](\0Z\0allowsTransientDataxr\0org.quartz.utils.DirtyFlagMapæ.­(v\nÎ\0Z\0dirtyL\0mapt\0Ljava/util/Map;xpsr\0java.util.HashMapÚÁÃ`Ñ\0F\0\nloadFactorI\0	thresholdxp?@\0\0\0\0\0w\0\0\0\0\0\0t\0TASK_PROPERTIESsr\0com.ruoyi.quartz.domain.SysJob\0\0\0\0\0\0\0\0L\0\nconcurrentt\0Ljava/lang/String;L\0cronExpressionq\0~\0	L\0invokeTargetq\0~\0	L\0jobGroupq\0~\0	L\0jobIdt\0Ljava/lang/Long;L\0jobNameq\0~\0	L\0\rmisfirePolicyq\0~\0	L\0statusq\0~\0	xr\0\'com.ruoyi.common.core.domain.BaseEntity\0\0\0\0\0\0\0\0L\0createByq\0~\0	L\0\ncreateTimet\0Ljava/util/Date;L\0paramsq\0~\0L\0remarkq\0~\0	L\0searchValueq\0~\0	L\0updateByq\0~\0	L\0\nupdateTimeq\0~\0xpt\0adminsr\0java.util.DatehjKYt\0\0xpw\0\0b,Ş)àxpt\0\0pppt\01t\00/20 * * * * ?t\08ryTask.ryMultipleParams(\'ry\', true, 2000L, 316.50D, 100)t\0DEFAULTsr\0java.lang.Long;‹äÌ#ß\0J\0valuexr\0java.lang.Number†¬•”à‹\0\0xp\0\0\0\0\0\0\0t\0ç³»ç»Ÿé»˜è®¤ï¼ˆå¤šå‚ï¼‰t\03t\01x\0');

/*Table structure for table `qrtz_locks` */

DROP TABLE IF EXISTS `qrtz_locks`;

CREATE TABLE `qrtz_locks` (
  `sched_name` varchar(120) NOT NULL,
  `lock_name` varchar(40) NOT NULL,
  PRIMARY KEY (`sched_name`,`lock_name`)
) ENGINE=InnoDB DEFAULT CHARSET=utf8;

/*Data for the table `qrtz_locks` */

insert  into `qrtz_locks`(`sched_name`,`lock_name`) values ('RuoyiScheduler','STATE_ACCESS'),('RuoyiScheduler','TRIGGER_ACCESS');

/*Table structure for table `qrtz_paused_trigger_grps` */

DROP TABLE IF EXISTS `qrtz_paused_trigger_grps`;

CREATE TABLE `qrtz_paused_trigger_grps` (
  `sched_name` varchar(120) NOT NULL,
  `trigger_group` varchar(200) NOT NULL,
  PRIMARY KEY (`sched_name`,`trigger_group`)
) ENGINE=InnoDB DEFAULT CHARSET=utf8;

/*Data for the table `qrtz_paused_trigger_grps` */

/*Table structure for table `qrtz_scheduler_state` */

DROP TABLE IF EXISTS `qrtz_scheduler_state`;

CREATE TABLE `qrtz_scheduler_state` (
  `sched_name` varchar(120) NOT NULL,
  `instance_name` varchar(200) NOT NULL,
  `last_checkin_time` bigint(13) NOT NULL,
  `checkin_interval` bigint(13) NOT NULL,
  PRIMARY KEY (`sched_name`,`instance_name`)
) ENGINE=InnoDB DEFAULT CHARSET=utf8;

/*Data for the table `qrtz_scheduler_state` */

insert  into `qrtz_scheduler_state`(`sched_name`,`instance_name`,`last_checkin_time`,`checkin_interval`) values ('RuoyiScheduler','PC-20170508QOOG1594778259403',1594797153424,15000);

/*Table structure for table `qrtz_simple_triggers` */

DROP TABLE IF EXISTS `qrtz_simple_triggers`;

CREATE TABLE `qrtz_simple_triggers` (
  `sched_name` varchar(120) NOT NULL,
  `trigger_name` varchar(200) NOT NULL,
  `trigger_group` varchar(200) NOT NULL,
  `repeat_count` bigint(7) NOT NULL,
  `repeat_interval` bigint(12) NOT NULL,
  `times_triggered` bigint(10) NOT NULL,
  PRIMARY KEY (`sched_name`,`trigger_name`,`trigger_group`),
  CONSTRAINT `qrtz_simple_triggers_ibfk_1` FOREIGN KEY (`sched_name`, `trigger_name`, `trigger_group`) REFERENCES `qrtz_triggers` (`sched_name`, `trigger_name`, `trigger_group`)
) ENGINE=InnoDB DEFAULT CHARSET=utf8;

/*Data for the table `qrtz_simple_triggers` */

/*Table structure for table `qrtz_simprop_triggers` */

DROP TABLE IF EXISTS `qrtz_simprop_triggers`;

CREATE TABLE `qrtz_simprop_triggers` (
  `sched_name` varchar(120) NOT NULL,
  `trigger_name` varchar(200) NOT NULL,
  `trigger_group` varchar(200) NOT NULL,
  `str_prop_1` varchar(512) DEFAULT NULL,
  `str_prop_2` varchar(512) DEFAULT NULL,
  `str_prop_3` varchar(512) DEFAULT NULL,
  `int_prop_1` int(11) DEFAULT NULL,
  `int_prop_2` int(11) DEFAULT NULL,
  `long_prop_1` bigint(20) DEFAULT NULL,
  `long_prop_2` bigint(20) DEFAULT NULL,
  `dec_prop_1` decimal(13,4) DEFAULT NULL,
  `dec_prop_2` decimal(13,4) DEFAULT NULL,
  `bool_prop_1` varchar(1) DEFAULT NULL,
  `bool_prop_2` varchar(1) DEFAULT NULL,
  PRIMARY KEY (`sched_name`,`trigger_name`,`trigger_group`),
  CONSTRAINT `qrtz_simprop_triggers_ibfk_1` FOREIGN KEY (`sched_name`, `trigger_name`, `trigger_group`) REFERENCES `qrtz_triggers` (`sched_name`, `trigger_name`, `trigger_group`)
) ENGINE=InnoDB DEFAULT CHARSET=utf8;

/*Data for the table `qrtz_simprop_triggers` */

/*Table structure for table `qrtz_triggers` */

DROP TABLE IF EXISTS `qrtz_triggers`;

CREATE TABLE `qrtz_triggers` (
  `sched_name` varchar(120) NOT NULL,
  `trigger_name` varchar(200) NOT NULL,
  `trigger_group` varchar(200) NOT NULL,
  `job_name` varchar(200) NOT NULL,
  `job_group` varchar(200) NOT NULL,
  `description` varchar(250) DEFAULT NULL,
  `next_fire_time` bigint(13) DEFAULT NULL,
  `prev_fire_time` bigint(13) DEFAULT NULL,
  `priority` int(11) DEFAULT NULL,
  `trigger_state` varchar(16) NOT NULL,
  `trigger_type` varchar(8) NOT NULL,
  `start_time` bigint(13) NOT NULL,
  `end_time` bigint(13) DEFAULT NULL,
  `calendar_name` varchar(200) DEFAULT NULL,
  `misfire_instr` smallint(2) DEFAULT NULL,
  `job_data` blob,
  PRIMARY KEY (`sched_name`,`trigger_name`,`trigger_group`),
  KEY `sched_name` (`sched_name`,`job_name`,`job_group`),
  CONSTRAINT `qrtz_triggers_ibfk_1` FOREIGN KEY (`sched_name`, `job_name`, `job_group`) REFERENCES `qrtz_job_details` (`sched_name`, `job_name`, `job_group`)
) ENGINE=InnoDB DEFAULT CHARSET=utf8;

/*Data for the table `qrtz_triggers` */

insert  into `qrtz_triggers`(`sched_name`,`trigger_name`,`trigger_group`,`job_name`,`job_group`,`description`,`next_fire_time`,`prev_fire_time`,`priority`,`trigger_state`,`trigger_type`,`start_time`,`end_time`,`calendar_name`,`misfire_instr`,`job_data`) values ('RuoyiScheduler','TASK_CLASS_NAME1','DEFAULT','TASK_CLASS_NAME1','DEFAULT',NULL,1594778260000,-1,5,'PAUSED','CRON',1594778259000,0,NULL,2,''),('RuoyiScheduler','TASK_CLASS_NAME2','DEFAULT','TASK_CLASS_NAME2','DEFAULT',NULL,1594778265000,-1,5,'PAUSED','CRON',1594778259000,0,NULL,2,''),('RuoyiScheduler','TASK_CLASS_NAME3','DEFAULT','TASK_CLASS_NAME3','DEFAULT',NULL,1594778260000,-1,5,'PAUSED','CRON',1594778260000,0,NULL,2,'');

/*Table structure for table `student` */

DROP TABLE IF EXISTS `student`;

CREATE TABLE `student` (
  `id` int(11) NOT NULL AUTO_INCREMENT,
  `name` varchar(255) DEFAULT NULL,
  `age` int(3) DEFAULT NULL,
  `score` varchar(255) DEFAULT NULL,
  `subject` varchar(255) DEFAULT NULL,
  PRIMARY KEY (`id`)
) ENGINE=InnoDB AUTO_INCREMENT=6 DEFAULT CHARSET=utf8;

/*Data for the table `student` */

insert  into `student`(`id`,`name`,`age`,`score`,`subject`) values (5,'Alix',25,'124','Math');

/*Table structure for table `sys_config` */

DROP TABLE IF EXISTS `sys_config`;

CREATE TABLE `sys_config` (
  `config_id` int(5) NOT NULL AUTO_INCREMENT COMMENT 'å‚æ•°ä¸»é”®',
  `config_name` varchar(100) DEFAULT '' COMMENT 'å‚æ•°åç§°',
  `config_key` varchar(100) DEFAULT '' COMMENT 'å‚æ•°é”®å',
  `config_value` varchar(500) DEFAULT '' COMMENT 'å‚æ•°é”®å€¼',
  `config_type` char(1) DEFAULT 'N' COMMENT 'ç³»ç»Ÿå†…ç½®ï¼ˆYæ˜¯ Nå¦ï¼‰',
  `create_by` varchar(64) DEFAULT '' COMMENT 'åˆ›å»ºè€…',
  `create_time` datetime DEFAULT NULL COMMENT 'åˆ›å»ºæ—¶é—´',
  `update_by` varchar(64) DEFAULT '' COMMENT 'æ›´æ–°è€…',
  `update_time` datetime DEFAULT NULL COMMENT 'æ›´æ–°æ—¶é—´',
  `remark` varchar(500) DEFAULT NULL COMMENT 'å¤‡æ³¨',
  PRIMARY KEY (`config_id`)
) ENGINE=InnoDB AUTO_INCREMENT=100 DEFAULT CHARSET=utf8 COMMENT='å‚æ•°é…ç½®è¡¨';

/*Data for the table `sys_config` */

insert  into `sys_config`(`config_id`,`config_name`,`config_key`,`config_value`,`config_type`,`create_by`,`create_time`,`update_by`,`update_time`,`remark`) values (1,'ä¸»æ¡†æ¶é¡µ-é»˜è®¤çš®è‚¤æ ·å¼åç§°','sys.index.skinName','skin-blue','Y','admin','2018-03-16 11:33:00','ry','2018-03-16 11:33:00','è“è‰² skin-blueã€ç»¿è‰² skin-greenã€ç´«è‰² skin-purpleã€çº¢è‰² skin-redã€é»„è‰² skin-yellow'),(2,'ç”¨æˆ·ç®¡ç†-è´¦å·åˆå§‹å¯†ç ','sys.user.initPassword','123456','Y','admin','2018-03-16 11:33:00','ry','2018-03-16 11:33:00','åˆå§‹åŒ–å¯†ç  123456'),(3,'ä¸»æ¡†æ¶é¡µ-ä¾§è¾¹æ ä¸»é¢˜','sys.index.sideTheme','theme-dark','Y','admin','2018-03-16 11:33:00','ry','2018-03-16 11:33:00','æ·±é»‘ä¸»é¢˜theme-darkï¼Œæµ…è‰²ä¸»é¢˜theme-lightï¼Œæ·±è“ä¸»é¢˜theme-blue'),(4,'è´¦å·è‡ªåŠ©-æ˜¯å¦å¼€å¯ç”¨æˆ·æ³¨å†ŒåŠŸèƒ½','sys.account.registerUser','false','Y','admin','2018-03-16 11:33:00','ry','2018-03-16 11:33:00','æ˜¯å¦å¼€å¯æ³¨å†Œç”¨æˆ·åŠŸèƒ½');

/*Table structure for table `sys_dept` */

DROP TABLE IF EXISTS `sys_dept`;

CREATE TABLE `sys_dept` (
  `dept_id` bigint(20) NOT NULL AUTO_INCREMENT COMMENT 'éƒ¨é—¨id',
  `parent_id` bigint(20) DEFAULT '0' COMMENT 'çˆ¶éƒ¨é—¨id',
  `ancestors` varchar(50) DEFAULT '' COMMENT 'ç¥–çº§åˆ—è¡¨',
  `dept_name` varchar(30) DEFAULT '' COMMENT 'éƒ¨é—¨åç§°',
  `order_num` int(4) DEFAULT '0' COMMENT 'æ˜¾ç¤ºé¡ºåº',
  `leader` varchar(20) DEFAULT NULL COMMENT 'è´Ÿè´£äºº',
  `phone` varchar(11) DEFAULT NULL COMMENT 'è”ç³»ç”µè¯',
  `email` varchar(50) DEFAULT NULL COMMENT 'é‚®ç®±',
  `status` char(1) DEFAULT '0' COMMENT 'éƒ¨é—¨çŠ¶æ€ï¼ˆ0æ­£å¸¸ 1åœç”¨ï¼‰',
  `del_flag` char(1) DEFAULT '0' COMMENT 'åˆ é™¤æ ‡å¿—ï¼ˆ0ä»£è¡¨å­˜åœ¨ 2ä»£è¡¨åˆ é™¤ï¼‰',
  `create_by` varchar(64) DEFAULT '' COMMENT 'åˆ›å»ºè€…',
  `create_time` datetime DEFAULT NULL COMMENT 'åˆ›å»ºæ—¶é—´',
  `update_by` varchar(64) DEFAULT '' COMMENT 'æ›´æ–°è€…',
  `update_time` datetime DEFAULT NULL COMMENT 'æ›´æ–°æ—¶é—´',
  PRIMARY KEY (`dept_id`)
) ENGINE=InnoDB AUTO_INCREMENT=203 DEFAULT CHARSET=utf8 COMMENT='éƒ¨é—¨è¡¨';

/*Data for the table `sys_dept` */

insert  into `sys_dept`(`dept_id`,`parent_id`,`ancestors`,`dept_name`,`order_num`,`leader`,`phone`,`email`,`status`,`del_flag`,`create_by`,`create_time`,`update_by`,`update_time`) values (100,0,'0','Felix Company',0,'Felix','15888888888','ry@qq.com','0','0','admin','2018-03-16 11:33:00','admin','2020-07-15 12:00:03'),(101,100,'0,100','Num 1',1,'','','','0','0','admin','2018-03-16 11:33:00','admin','2020-07-15 12:00:03'),(103,101,'0,100,101','Development Dept',1,'','','','0','0','admin','2018-03-16 11:33:00','admin','2020-07-15 11:59:56'),(105,101,'0,100,101','Test Dept',3,'','','','0','0','admin','2018-03-16 11:33:00','admin','2020-07-15 12:00:03'),(202,101,'0,100,101','Film and Television Dept',3,NULL,NULL,NULL,'0','0','admin','2020-07-15 15:03:28','',NULL);

/*Table structure for table `sys_dict_data` */

DROP TABLE IF EXISTS `sys_dict_data`;

CREATE TABLE `sys_dict_data` (
  `dict_code` bigint(20) NOT NULL AUTO_INCREMENT COMMENT 'å­—å…¸ç¼–ç ',
  `dict_sort` int(4) DEFAULT '0' COMMENT 'å­—å…¸æ’åº',
  `dict_label` varchar(100) DEFAULT '' COMMENT 'å­—å…¸æ ‡ç­¾',
  `dict_value` varchar(100) DEFAULT '' COMMENT 'å­—å…¸é”®å€¼',
  `dict_type` varchar(100) DEFAULT '' COMMENT 'å­—å…¸ç±»å‹',
  `css_class` varchar(100) DEFAULT NULL COMMENT 'æ ·å¼å±æ€§ï¼ˆå…¶ä»–æ ·å¼æ‰©å±•ï¼‰',
  `list_class` varchar(100) DEFAULT NULL COMMENT 'è¡¨æ ¼å›æ˜¾æ ·å¼',
  `is_default` char(1) DEFAULT 'N' COMMENT 'æ˜¯å¦é»˜è®¤ï¼ˆYæ˜¯ Nå¦ï¼‰',
  `status` char(1) DEFAULT '0' COMMENT 'çŠ¶æ€ï¼ˆ0æ­£å¸¸ 1åœç”¨ï¼‰',
  `create_by` varchar(64) DEFAULT '' COMMENT 'åˆ›å»ºè€…',
  `create_time` datetime DEFAULT NULL COMMENT 'åˆ›å»ºæ—¶é—´',
  `update_by` varchar(64) DEFAULT '' COMMENT 'æ›´æ–°è€…',
  `update_time` datetime DEFAULT NULL COMMENT 'æ›´æ–°æ—¶é—´',
  `remark` varchar(500) DEFAULT NULL COMMENT 'å¤‡æ³¨',
  PRIMARY KEY (`dict_code`)
) ENGINE=InnoDB AUTO_INCREMENT=100 DEFAULT CHARSET=utf8 COMMENT='å­—å…¸æ•°æ®è¡¨';

/*Data for the table `sys_dict_data` */

insert  into `sys_dict_data`(`dict_code`,`dict_sort`,`dict_label`,`dict_value`,`dict_type`,`css_class`,`list_class`,`is_default`,`status`,`create_by`,`create_time`,`update_by`,`update_time`,`remark`) values (1,1,'ç”·','0','sys_user_sex','','','Y','0','admin','2018-03-16 11:33:00','ry','2018-03-16 11:33:00','æ€§åˆ«ç”·'),(2,2,'å¥³','1','sys_user_sex','','','N','0','admin','2018-03-16 11:33:00','ry','2018-03-16 11:33:00','æ€§åˆ«å¥³'),(3,3,'æœªçŸ¥','2','sys_user_sex','','','N','0','admin','2018-03-16 11:33:00','ry','2018-03-16 11:33:00','æ€§åˆ«æœªçŸ¥'),(4,1,'æ˜¾ç¤º','0','sys_show_hide','','primary','Y','0','admin','2018-03-16 11:33:00','ry','2018-03-16 11:33:00','æ˜¾ç¤ºèœå•'),(5,2,'éšè—','1','sys_show_hide','','danger','N','0','admin','2018-03-16 11:33:00','ry','2018-03-16 11:33:00','éšè—èœå•'),(6,1,'Normal','0','sys_normal_disable','','primary','Y','0','admin','2018-03-16 11:33:00','ry','2018-03-16 11:33:00','Normal Status'),(7,2,'Deactive','1','sys_normal_disable','','danger','N','0','admin','2018-03-16 11:33:00','ry','2018-03-16 11:33:00','Inactive status'),(8,1,'æ­£å¸¸','0','sys_job_status','','primary','Y','0','admin','2018-03-16 11:33:00','ry','2018-03-16 11:33:00','æ­£å¸¸çŠ¶æ€'),(9,2,'æš‚åœ','1','sys_job_status','','danger','N','0','admin','2018-03-16 11:33:00','ry','2018-03-16 11:33:00','åœç”¨çŠ¶æ€'),(10,1,'é»˜è®¤','DEFAULT','sys_job_group','','','Y','0','admin','2018-03-16 11:33:00','ry','2018-03-16 11:33:00','é»˜è®¤åˆ†ç»„'),(11,2,'ç³»ç»Ÿ','SYSTEM','sys_job_group','','','N','0','admin','2018-03-16 11:33:00','ry','2018-03-16 11:33:00','ç³»ç»Ÿåˆ†ç»„'),(12,1,'æ˜¯','Y','sys_yes_no','','primary','Y','0','admin','2018-03-16 11:33:00','ry','2018-03-16 11:33:00','ç³»ç»Ÿé»˜è®¤æ˜¯'),(13,2,'å¦','N','sys_yes_no','','danger','N','0','admin','2018-03-16 11:33:00','ry','2018-03-16 11:33:00','ç³»ç»Ÿé»˜è®¤å¦'),(14,1,'é€šçŸ¥','1','sys_notice_type','','warning','Y','0','admin','2018-03-16 11:33:00','ry','2018-03-16 11:33:00','é€šçŸ¥'),(15,2,'å…¬å‘Š','2','sys_notice_type','','success','N','0','admin','2018-03-16 11:33:00','ry','2018-03-16 11:33:00','å…¬å‘Š'),(16,1,'æ­£å¸¸','0','sys_notice_status','','primary','Y','0','admin','2018-03-16 11:33:00','ry','2018-03-16 11:33:00','æ­£å¸¸çŠ¶æ€'),(17,2,'å…³é—­','1','sys_notice_status','','danger','N','0','admin','2018-03-16 11:33:00','ry','2018-03-16 11:33:00','å…³é—­çŠ¶æ€'),(18,99,'å…¶ä»–','0','sys_oper_type','','info','N','0','admin','2018-03-16 11:33:00','ry','2018-03-16 11:33:00','å…¶ä»–æ“ä½œ'),(19,1,'æ–°å¢','1','sys_oper_type','','info','N','0','admin','2018-03-16 11:33:00','ry','2018-03-16 11:33:00','æ–°å¢æ“ä½œ'),(20,2,'ä¿®æ”¹','2','sys_oper_type','','info','N','0','admin','2018-03-16 11:33:00','ry','2018-03-16 11:33:00','ä¿®æ”¹æ“ä½œ'),(21,3,'åˆ é™¤','3','sys_oper_type','','danger','N','0','admin','2018-03-16 11:33:00','ry','2018-03-16 11:33:00','åˆ é™¤æ“ä½œ'),(22,4,'æˆæƒ','4','sys_oper_type','','primary','N','0','admin','2018-03-16 11:33:00','ry','2018-03-16 11:33:00','æˆæƒæ“ä½œ'),(23,5,'å¯¼å‡º','5','sys_oper_type','','warning','N','0','admin','2018-03-16 11:33:00','ry','2018-03-16 11:33:00','å¯¼å‡ºæ“ä½œ'),(24,6,'å¯¼å…¥','6','sys_oper_type','','warning','N','0','admin','2018-03-16 11:33:00','ry','2018-03-16 11:33:00','å¯¼å…¥æ“ä½œ'),(25,7,'å¼ºé€€','7','sys_oper_type','','danger','N','0','admin','2018-03-16 11:33:00','ry','2018-03-16 11:33:00','å¼ºé€€æ“ä½œ'),(26,8,'ç”Ÿæˆä»£ç ','8','sys_oper_type','','warning','N','0','admin','2018-03-16 11:33:00','ry','2018-03-16 11:33:00','ç”Ÿæˆæ“ä½œ'),(27,9,'æ¸…ç©ºæ•°æ®','9','sys_oper_type','','danger','N','0','admin','2018-03-16 11:33:00','ry','2018-03-16 11:33:00','æ¸…ç©ºæ“ä½œ'),(28,1,'æˆåŠŸ','0','sys_common_status','','primary','N','0','admin','2018-03-16 11:33:00','ry','2018-03-16 11:33:00','æ­£å¸¸çŠ¶æ€'),(29,2,'å¤±è´¥','1','sys_common_status','','danger','N','0','admin','2018-03-16 11:33:00','ry','2018-03-16 11:33:00','åœç”¨çŠ¶æ€');

/*Table structure for table `sys_dict_type` */

DROP TABLE IF EXISTS `sys_dict_type`;

CREATE TABLE `sys_dict_type` (
  `dict_id` bigint(20) NOT NULL AUTO_INCREMENT COMMENT 'å­—å…¸ä¸»é”®',
  `dict_name` varchar(100) DEFAULT '' COMMENT 'å­—å…¸åç§°',
  `dict_type` varchar(100) DEFAULT '' COMMENT 'å­—å…¸ç±»å‹',
  `status` char(1) DEFAULT '0' COMMENT 'çŠ¶æ€ï¼ˆ0æ­£å¸¸ 1åœç”¨ï¼‰',
  `create_by` varchar(64) DEFAULT '' COMMENT 'åˆ›å»ºè€…',
  `create_time` datetime DEFAULT NULL COMMENT 'åˆ›å»ºæ—¶é—´',
  `update_by` varchar(64) DEFAULT '' COMMENT 'æ›´æ–°è€…',
  `update_time` datetime DEFAULT NULL COMMENT 'æ›´æ–°æ—¶é—´',
  `remark` varchar(500) DEFAULT NULL COMMENT 'å¤‡æ³¨',
  PRIMARY KEY (`dict_id`),
  UNIQUE KEY `dict_type` (`dict_type`)
) ENGINE=InnoDB AUTO_INCREMENT=100 DEFAULT CHARSET=utf8 COMMENT='å­—å…¸ç±»å‹è¡¨';

/*Data for the table `sys_dict_type` */

insert  into `sys_dict_type`(`dict_id`,`dict_name`,`dict_type`,`status`,`create_by`,`create_time`,`update_by`,`update_time`,`remark`) values (1,'ç”¨æˆ·æ€§åˆ«','sys_user_sex','0','admin','2018-03-16 11:33:00','ry','2018-03-16 11:33:00','ç”¨æˆ·æ€§åˆ«åˆ—è¡¨'),(2,'èœå•çŠ¶æ€','sys_show_hide','0','admin','2018-03-16 11:33:00','ry','2018-03-16 11:33:00','èœå•çŠ¶æ€åˆ—è¡¨'),(3,'ç³»ç»Ÿå¼€å…³','sys_normal_disable','0','admin','2018-03-16 11:33:00','ry','2018-03-16 11:33:00','ç³»ç»Ÿå¼€å…³åˆ—è¡¨'),(4,'ä»»åŠ¡çŠ¶æ€','sys_job_status','0','admin','2018-03-16 11:33:00','ry','2018-03-16 11:33:00','ä»»åŠ¡çŠ¶æ€åˆ—è¡¨'),(5,'ä»»åŠ¡åˆ†ç»„','sys_job_group','0','admin','2018-03-16 11:33:00','ry','2018-03-16 11:33:00','ä»»åŠ¡åˆ†ç»„åˆ—è¡¨'),(6,'ç³»ç»Ÿæ˜¯å¦','sys_yes_no','0','admin','2018-03-16 11:33:00','ry','2018-03-16 11:33:00','ç³»ç»Ÿæ˜¯å¦åˆ—è¡¨'),(7,'é€šçŸ¥ç±»å‹','sys_notice_type','0','admin','2018-03-16 11:33:00','ry','2018-03-16 11:33:00','é€šçŸ¥ç±»å‹åˆ—è¡¨'),(8,'é€šçŸ¥çŠ¶æ€','sys_notice_status','0','admin','2018-03-16 11:33:00','ry','2018-03-16 11:33:00','é€šçŸ¥çŠ¶æ€åˆ—è¡¨'),(9,'æ“ä½œç±»å‹','sys_oper_type','0','admin','2018-03-16 11:33:00','ry','2018-03-16 11:33:00','æ“ä½œç±»å‹åˆ—è¡¨'),(10,'ç³»ç»ŸçŠ¶æ€','sys_common_status','0','admin','2018-03-16 11:33:00','ry','2018-03-16 11:33:00','ç™»å½•çŠ¶æ€åˆ—è¡¨');

/*Table structure for table `sys_job` */

DROP TABLE IF EXISTS `sys_job`;

CREATE TABLE `sys_job` (
  `job_id` bigint(20) NOT NULL AUTO_INCREMENT COMMENT 'ä»»åŠ¡ID',
  `job_name` varchar(64) NOT NULL DEFAULT '' COMMENT 'ä»»åŠ¡åç§°',
  `job_group` varchar(64) NOT NULL DEFAULT 'DEFAULT' COMMENT 'ä»»åŠ¡ç»„å',
  `invoke_target` varchar(500) NOT NULL COMMENT 'è°ƒç”¨ç›®æ ‡å­—ç¬¦ä¸²',
  `cron_expression` varchar(255) DEFAULT '' COMMENT 'cronæ‰§è¡Œè¡¨è¾¾å¼',
  `misfire_policy` varchar(20) DEFAULT '3' COMMENT 'è®¡åˆ’æ‰§è¡Œé”™è¯¯ç­–ç•¥ï¼ˆ1ç«‹å³æ‰§è¡Œ 2æ‰§è¡Œä¸€æ¬¡ 3æ”¾å¼ƒæ‰§è¡Œï¼‰',
  `concurrent` char(1) DEFAULT '1' COMMENT 'æ˜¯å¦å¹¶å‘æ‰§è¡Œï¼ˆ0å…è®¸ 1ç¦æ­¢ï¼‰',
  `status` char(1) DEFAULT '0' COMMENT 'çŠ¶æ€ï¼ˆ0æ­£å¸¸ 1æš‚åœï¼‰',
  `create_by` varchar(64) DEFAULT '' COMMENT 'åˆ›å»ºè€…',
  `create_time` datetime DEFAULT NULL COMMENT 'åˆ›å»ºæ—¶é—´',
  `update_by` varchar(64) DEFAULT '' COMMENT 'æ›´æ–°è€…',
  `update_time` datetime DEFAULT NULL COMMENT 'æ›´æ–°æ—¶é—´',
  `remark` varchar(500) DEFAULT '' COMMENT 'å¤‡æ³¨ä¿¡æ¯',
  PRIMARY KEY (`job_id`,`job_name`,`job_group`)
) ENGINE=InnoDB AUTO_INCREMENT=100 DEFAULT CHARSET=utf8 COMMENT='å®šæ—¶ä»»åŠ¡è°ƒåº¦è¡¨';

/*Data for the table `sys_job` */

insert  into `sys_job`(`job_id`,`job_name`,`job_group`,`invoke_target`,`cron_expression`,`misfire_policy`,`concurrent`,`status`,`create_by`,`create_time`,`update_by`,`update_time`,`remark`) values (1,'ç³»ç»Ÿé»˜è®¤ï¼ˆæ— å‚ï¼‰','DEFAULT','ryTask.ryNoParams','0/10 * * * * ?','3','1','1','admin','2018-03-16 11:33:00','ry','2018-03-16 11:33:00',''),(2,'ç³»ç»Ÿé»˜è®¤ï¼ˆæœ‰å‚ï¼‰','DEFAULT','ryTask.ryParams(\'ry\')','0/15 * * * * ?','3','1','1','admin','2018-03-16 11:33:00','ry','2018-03-16 11:33:00',''),(3,'ç³»ç»Ÿé»˜è®¤ï¼ˆå¤šå‚ï¼‰','DEFAULT','ryTask.ryMultipleParams(\'ry\', true, 2000L, 316.50D, 100)','0/20 * * * * ?','3','1','1','admin','2018-03-16 11:33:00','ry','2018-03-16 11:33:00','');

/*Table structure for table `sys_job_log` */

DROP TABLE IF EXISTS `sys_job_log`;

CREATE TABLE `sys_job_log` (
  `job_log_id` bigint(20) NOT NULL AUTO_INCREMENT COMMENT 'ä»»åŠ¡æ—¥å¿—ID',
  `job_name` varchar(64) NOT NULL COMMENT 'ä»»åŠ¡åç§°',
  `job_group` varchar(64) NOT NULL COMMENT 'ä»»åŠ¡ç»„å',
  `invoke_target` varchar(500) NOT NULL COMMENT 'è°ƒç”¨ç›®æ ‡å­—ç¬¦ä¸²',
  `job_message` varchar(500) DEFAULT NULL COMMENT 'æ—¥å¿—ä¿¡æ¯',
  `status` char(1) DEFAULT '0' COMMENT 'æ‰§è¡ŒçŠ¶æ€ï¼ˆ0æ­£å¸¸ 1å¤±è´¥ï¼‰',
  `exception_info` varchar(2000) DEFAULT '' COMMENT 'å¼‚å¸¸ä¿¡æ¯',
  `create_time` datetime DEFAULT NULL COMMENT 'åˆ›å»ºæ—¶é—´',
  PRIMARY KEY (`job_log_id`)
) ENGINE=InnoDB DEFAULT CHARSET=utf8 COMMENT='å®šæ—¶ä»»åŠ¡è°ƒåº¦æ—¥å¿—è¡¨';

/*Data for the table `sys_job_log` */

/*Table structure for table `sys_logininfor` */

DROP TABLE IF EXISTS `sys_logininfor`;

CREATE TABLE `sys_logininfor` (
  `info_id` bigint(20) NOT NULL AUTO_INCREMENT COMMENT 'è®¿é—®ID',
  `login_name` varchar(50) DEFAULT '' COMMENT 'ç™»å½•è´¦å·',
  `ipaddr` varchar(50) DEFAULT '' COMMENT 'ç™»å½•IPåœ°å€',
  `login_location` varchar(255) DEFAULT '' COMMENT 'ç™»å½•åœ°ç‚¹',
  `browser` varchar(50) DEFAULT '' COMMENT 'æµè§ˆå™¨ç±»å‹',
  `os` varchar(50) DEFAULT '' COMMENT 'æ“ä½œç³»ç»Ÿ',
  `status` char(1) DEFAULT '0' COMMENT 'ç™»å½•çŠ¶æ€ï¼ˆ0æˆåŠŸ 1å¤±è´¥ï¼‰',
  `msg` varchar(255) DEFAULT '' COMMENT 'æç¤ºæ¶ˆæ¯',
  `login_time` datetime DEFAULT NULL COMMENT 'è®¿é—®æ—¶é—´',
  PRIMARY KEY (`info_id`)
) ENGINE=InnoDB AUTO_INCREMENT=259 DEFAULT CHARSET=utf8 COMMENT='ç³»ç»Ÿè®¿é—®è®°å½•';

/*Data for the table `sys_logininfor` */

insert  into `sys_logininfor`(`info_id`,`login_name`,`ipaddr`,`login_location`,`browser`,`os`,`status`,`msg`,`login_time`) values (100,'admin','127.0.0.1','å†…ç½‘IP','Chrome','Windows 7','0','ç™»å½•æˆåŠŸ','2020-07-14 10:11:10'),(101,'admin','127.0.0.1','å†…ç½‘IP','Chrome','Windows 7','0','é€€å‡ºæˆåŠŸ','2020-07-14 11:10:57'),(102,'admin','127.0.0.1','å†…ç½‘IP','Chrome','Windows 7','0','ç™»å½•æˆåŠŸ','2020-07-14 11:39:39'),(103,'admin','127.0.0.1','å†…ç½‘IP','Chrome','Windows 7','0','é€€å‡ºæˆåŠŸ','2020-07-14 11:46:04'),(104,'admin','127.0.0.1','å†…ç½‘IP','Chrome','Windows 7','0','ç™»å½•æˆåŠŸ','2020-07-14 11:46:41'),(105,'admin','127.0.0.1','å†…ç½‘IP','Chrome','Windows 7','0','é€€å‡ºæˆåŠŸ','2020-07-14 11:46:53'),(106,'admin','127.0.0.1','å†…ç½‘IP','Chrome','Windows 7','0','ç™»å½•æˆåŠŸ','2020-07-14 11:47:02'),(107,'admin','127.0.0.1','å†…ç½‘IP','Chrome','Windows 7','0','é€€å‡ºæˆåŠŸ','2020-07-14 11:47:23'),(108,'admin','127.0.0.1','å†…ç½‘IP','Chrome','Windows 7','1','å¯†ç è¾“å…¥é”™è¯¯1æ¬¡','2020-07-14 11:47:28'),(109,'admin','127.0.0.1','å†…ç½‘IP','Chrome','Windows 7','0','ç™»å½•æˆåŠŸ','2020-07-14 11:49:09'),(110,'admin','127.0.0.1','å†…ç½‘IP','Chrome','Windows 7','0','é€€å‡ºæˆåŠŸ','2020-07-14 11:52:14'),(111,'ry','127.0.0.1','å†…ç½‘IP','Chrome','Windows 7','1','å¯†ç è¾“å…¥é”™è¯¯1æ¬¡','2020-07-14 11:52:21'),(112,'ry','127.0.0.1','å†…ç½‘IP','Chrome','Windows 7','1','éªŒè¯ç é”™è¯¯','2020-07-14 11:52:29'),(113,'ry','127.0.0.1','å†…ç½‘IP','Chrome','Windows 7','0','ç™»å½•æˆåŠŸ','2020-07-14 11:52:33'),(114,'ry','127.0.0.1','å†…ç½‘IP','Chrome','Windows 7','0','é€€å‡ºæˆåŠŸ','2020-07-14 11:53:07'),(115,'admin','127.0.0.1','å†…ç½‘IP','Chrome','Windows 7','0','ç™»å½•æˆåŠŸ','2020-07-14 11:53:15'),(116,'admin','127.0.0.1','å†…ç½‘IP','Chrome','Windows 7','0','é€€å‡ºæˆåŠŸ','2020-07-14 11:55:50'),(117,'sys','127.0.0.1','å†…ç½‘IP','Chrome','Windows 7','0','ç™»å½•æˆåŠŸ','2020-07-14 11:55:59'),(118,'sys','127.0.0.1','å†…ç½‘IP','Chrome','Windows 7','0','é€€å‡ºæˆåŠŸ','2020-07-14 11:56:10'),(119,'admin','127.0.0.1','å†…ç½‘IP','Chrome','Windows 7','1','éªŒè¯ç é”™è¯¯','2020-07-14 11:56:14'),(120,'admin','127.0.0.1','å†…ç½‘IP','Chrome','Windows 7','0','ç™»å½•æˆåŠŸ','2020-07-14 11:56:17'),(121,'admin','127.0.0.1','å†…ç½‘IP','Chrome','Windows 7','0','é€€å‡ºæˆåŠŸ','2020-07-14 11:56:43'),(122,'sys','127.0.0.1','å†…ç½‘IP','Chrome','Windows 7','0','ç™»å½•æˆåŠŸ','2020-07-14 11:56:52'),(123,'sys','127.0.0.1','å†…ç½‘IP','Chrome','Windows 7','0','é€€å‡ºæˆåŠŸ','2020-07-14 11:57:14'),(124,'admin','127.0.0.1','å†…ç½‘IP','Chrome','Windows 7','0','ç™»å½•æˆåŠŸ','2020-07-14 11:57:18'),(125,'admin','127.0.0.1','å†…ç½‘IP','Chrome','Windows 7','0','é€€å‡ºæˆåŠŸ','2020-07-14 11:57:54'),(126,'sys','127.0.0.1','å†…ç½‘IP','Chrome','Windows 7','0','ç™»å½•æˆåŠŸ','2020-07-14 11:58:00'),(127,'admin','127.0.0.1','å†…ç½‘IP','Chrome','Windows 7','0','ç™»å½•æˆåŠŸ','2020-07-14 11:59:15'),(128,'admin','127.0.0.1','å†…ç½‘IP','Chrome','Windows 7','0','é€€å‡ºæˆåŠŸ','2020-07-14 11:59:18'),(129,'sys','127.0.0.1','å†…ç½‘IP','Chrome','Windows 7','0','ç™»å½•æˆåŠŸ','2020-07-14 11:59:30'),(130,'sys','127.0.0.1','å†…ç½‘IP','Chrome','Windows 7','0','é€€å‡ºæˆåŠŸ','2020-07-14 12:00:28'),(131,'admin','127.0.0.1','å†…ç½‘IP','Chrome','Windows 7','1','éªŒè¯ç é”™è¯¯','2020-07-14 12:00:33'),(132,'admin','127.0.0.1','å†…ç½‘IP','Chrome','Windows 7','1','éªŒè¯ç é”™è¯¯','2020-07-14 12:00:36'),(133,'admin','127.0.0.1','å†…ç½‘IP','Chrome','Windows 7','0','ç™»å½•æˆåŠŸ','2020-07-14 12:00:39'),(134,'admin','127.0.0.1','å†…ç½‘IP','Chrome','Windows 7','0','é€€å‡ºæˆåŠŸ','2020-07-14 12:00:42'),(135,'sys','127.0.0.1','å†…ç½‘IP','Chrome','Windows 7','0','ç™»å½•æˆåŠŸ','2020-07-14 12:00:50'),(136,'admin','127.0.0.1','å†…ç½‘IP','Chrome','Windows 7','0','ç™»å½•æˆåŠŸ','2020-07-14 13:39:08'),(137,'admin','127.0.0.1','å†…ç½‘IP','Chrome','Windows 7','0','é€€å‡ºæˆåŠŸ','2020-07-14 13:39:11'),(138,'sys','127.0.0.1','å†…ç½‘IP','Chrome','Windows 7','1','å¯†ç è¾“å…¥é”™è¯¯1æ¬¡','2020-07-14 13:39:18'),(139,'sys','127.0.0.1','å†…ç½‘IP','Chrome','Windows 7','1','å¯†ç è¾“å…¥é”™è¯¯2æ¬¡','2020-07-14 13:39:22'),(140,'sys','127.0.0.1','å†…ç½‘IP','Chrome','Windows 7','1','å¯†ç è¾“å…¥é”™è¯¯3æ¬¡','2020-07-14 13:39:28'),(141,'sys','127.0.0.1','å†…ç½‘IP','Chrome','Windows 7','1','å¯†ç è¾“å…¥é”™è¯¯4æ¬¡','2020-07-14 13:39:30'),(142,'sys','127.0.0.1','å†…ç½‘IP','Chrome','Windows 7','1','å¯†ç è¾“å…¥é”™è¯¯5æ¬¡','2020-07-14 13:39:33'),(143,'sys','127.0.0.1','å†…ç½‘IP','Chrome','Windows 7','1','å¯†ç è¾“å…¥é”™è¯¯5æ¬¡ï¼Œå¸æˆ·é”å®š10åˆ†é’Ÿ','2020-07-14 13:39:46'),(144,'admin','127.0.0.1','å†…ç½‘IP','Chrome','Windows 7','0','ç™»å½•æˆåŠŸ','2020-07-15 09:14:54'),(145,'admin','127.0.0.1','å†…ç½‘IP','Chrome','Windows 7','0','é€€å‡ºæˆåŠŸ','2020-07-15 09:14:59'),(146,'sys','127.0.0.1','å†…ç½‘IP','Chrome','Windows 7','1','éªŒè¯ç é”™è¯¯','2020-07-15 09:15:06'),(147,'sys','127.0.0.1','å†…ç½‘IP','Chrome','Windows 7','0','ç™»å½•æˆåŠŸ','2020-07-15 09:15:10'),(148,'sys','127.0.0.1','å†…ç½‘IP','Chrome','Windows 7','0','é€€å‡ºæˆåŠŸ','2020-07-15 09:16:26'),(149,'admin','127.0.0.1','å†…ç½‘IP','Chrome','Windows 7','0','ç™»å½•æˆåŠŸ','2020-07-15 09:16:31'),(150,'admin','127.0.0.1','å†…ç½‘IP','Chrome','Windows 7','0','ç™»å½•æˆåŠŸ','2020-07-15 09:56:06'),(151,'admin','127.0.0.1','å†…ç½‘IP','Chrome','Windows 7','0','ç™»å½•æˆåŠŸ','2020-07-15 10:53:51'),(152,'admin','127.0.0.1','å†…ç½‘IP','Chrome','Windows 7','1','éªŒè¯ç é”™è¯¯','2020-07-15 11:36:18'),(153,'admin','127.0.0.1','å†…ç½‘IP','Chrome','Windows 7','0','ç™»å½•æˆåŠŸ','2020-07-15 11:36:21'),(154,'admin','127.0.0.1','å†…ç½‘IP','Chrome','Windows 7','0','é€€å‡ºæˆåŠŸ','2020-07-15 12:03:17'),(155,'admin','127.0.0.1','å†…ç½‘IP','Chrome','Windows 7','1','éªŒè¯ç é”™è¯¯','2020-07-15 13:06:36'),(156,'admin','127.0.0.1','å†…ç½‘IP','Chrome','Windows 7','0','ç™»å½•æˆåŠŸ','2020-07-15 13:06:40'),(157,'admin','127.0.0.1','å†…ç½‘IP','Chrome','Windows 7','0','é€€å‡ºæˆåŠŸ','2020-07-15 13:54:15'),(158,'admin','127.0.0.1','å†…ç½‘IP','Chrome','Windows 7','0','ç™»å½•æˆåŠŸ','2020-07-15 13:57:56'),(159,'admin','127.0.0.1','å†…ç½‘IP','Chrome','Windows 7','0','é€€å‡ºæˆåŠŸ','2020-07-15 13:59:55'),(160,'ceshi','127.0.0.1','å†…ç½‘IP','Chrome','Windows 7','0','ç™»å½•æˆåŠŸ','2020-07-15 14:00:02'),(161,'ceshi','127.0.0.1','å†…ç½‘IP','Chrome','Windows 7','0','é€€å‡ºæˆåŠŸ','2020-07-15 14:18:12'),(162,'admin','127.0.0.1','å†…ç½‘IP','Chrome','Windows 7','0','ç™»å½•æˆåŠŸ','2020-07-15 14:18:17'),(163,'admin','127.0.0.1','å†…ç½‘IP','Chrome','Windows 7','0','é€€å‡ºæˆåŠŸ','2020-07-15 14:21:53'),(164,'ceshi','127.0.0.1','å†…ç½‘IP','Chrome','Windows 7','0','ç™»å½•æˆåŠŸ','2020-07-15 14:21:59'),(165,'ceshi','127.0.0.1','å†…ç½‘IP','Chrome','Windows 7','0','é€€å‡ºæˆåŠŸ','2020-07-15 14:22:11'),(166,'admin','127.0.0.1','å†…ç½‘IP','Chrome','Windows 7','1','éªŒè¯ç é”™è¯¯','2020-07-15 14:22:15'),(167,'admin','127.0.0.1','å†…ç½‘IP','Chrome','Windows 7','0','ç™»å½•æˆåŠŸ','2020-07-15 14:22:17'),(168,'admin','127.0.0.1','å†…ç½‘IP','Chrome','Windows 7','0','é€€å‡ºæˆåŠŸ','2020-07-15 14:22:56'),(169,'admin','127.0.0.1','å†…ç½‘IP','Chrome','Windows 7','0','ç™»å½•æˆåŠŸ','2020-07-15 14:23:26'),(170,'admin','127.0.0.1','å†…ç½‘IP','Chrome','Windows 7','0','é€€å‡ºæˆåŠŸ','2020-07-15 14:26:05'),(171,'admin','127.0.0.1','å†…ç½‘IP','Chrome','Windows 7','0','ç™»å½•æˆåŠŸ','2020-07-15 14:26:09'),(172,'admin','127.0.0.1','å†…ç½‘IP','Chrome','Windows 7','0','é€€å‡ºæˆåŠŸ','2020-07-15 14:26:39'),(173,'admin','127.0.0.1','å†…ç½‘IP','Chrome','Windows 7','0','ç™»å½•æˆåŠŸ','2020-07-15 14:26:54'),(174,'admin','127.0.0.1','å†…ç½‘IP','Chrome','Windows 7','0','é€€å‡ºæˆåŠŸ','2020-07-15 14:31:24'),(175,'ceshi_houqin','127.0.0.1','å†…ç½‘IP','Chrome','Windows 7','0','ç™»å½•æˆåŠŸ','2020-07-15 14:31:32'),(176,'ceshi_houqin','127.0.0.1','å†…ç½‘IP','Chrome','Windows 7','0','é€€å‡ºæˆåŠŸ','2020-07-15 14:31:49'),(177,'admin','127.0.0.1','å†…ç½‘IP','Chrome','Windows 7','0','ç™»å½•æˆåŠŸ','2020-07-15 14:31:55'),(178,'admin','127.0.0.1','å†…ç½‘IP','Chrome','Windows 7','0','é€€å‡ºæˆåŠŸ','2020-07-15 14:32:50'),(179,'ceshi_houqin','127.0.0.1','å†…ç½‘IP','Chrome','Windows 7','0','ç™»å½•æˆåŠŸ','2020-07-15 14:32:57'),(180,'ceshi_houqin','127.0.0.1','å†…ç½‘IP','Chrome','Windows 7','0','é€€å‡ºæˆåŠŸ','2020-07-15 14:34:03'),(181,'admin','127.0.0.1','å†…ç½‘IP','Chrome','Windows 7','0','ç™»å½•æˆåŠŸ','2020-07-15 14:34:06'),(182,'admin','127.0.0.1','å†…ç½‘IP','Chrome','Windows 7','0','é€€å‡ºæˆåŠŸ','2020-07-15 14:35:54'),(183,'ceshi_houqin','127.0.0.1','å†…ç½‘IP','Chrome','Windows 7','0','ç™»å½•æˆåŠŸ','2020-07-15 14:36:00'),(184,'ceshi_houqin','127.0.0.1','å†…ç½‘IP','Chrome','Windows 7','0','é€€å‡ºæˆåŠŸ','2020-07-15 14:36:08'),(185,'admin','127.0.0.1','å†…ç½‘IP','Chrome','Windows 7','0','ç™»å½•æˆåŠŸ','2020-07-15 14:36:12'),(186,'admin','127.0.0.1','å†…ç½‘IP','Chrome','Windows 7','0','é€€å‡ºæˆåŠŸ','2020-07-15 14:37:03'),(187,'ceshi','127.0.0.1','å†…ç½‘IP','Chrome','Windows 7','1','å¯¹ä¸èµ·ï¼Œæ‚¨çš„è´¦å·å·²è¢«åˆ é™¤','2020-07-15 14:37:10'),(188,'ceshi_houqin','127.0.0.1','å†…ç½‘IP','Chrome','Windows 7','0','ç™»å½•æˆåŠŸ','2020-07-15 14:37:22'),(189,'ceshi_houqin','127.0.0.1','å†…ç½‘IP','Chrome','Windows 7','0','é€€å‡ºæˆåŠŸ','2020-07-15 14:37:31'),(190,'admin','127.0.0.1','å†…ç½‘IP','Chrome','Windows 7','0','ç™»å½•æˆåŠŸ','2020-07-15 14:37:37'),(191,'admin','127.0.0.1','å†…ç½‘IP','Chrome','Windows 7','0','é€€å‡ºæˆåŠŸ','2020-07-15 14:40:37'),(192,'ceshi_houqin','127.0.0.1','å†…ç½‘IP','Chrome','Windows 7','1','éªŒè¯ç é”™è¯¯','2020-07-15 14:40:44'),(193,'ceshi_houqin','127.0.0.1','å†…ç½‘IP','Chrome','Windows 7','0','ç™»å½•æˆåŠŸ','2020-07-15 14:40:46'),(194,'ceshi_houqin','127.0.0.1','å†…ç½‘IP','Chrome','Windows 7','0','é€€å‡ºæˆåŠŸ','2020-07-15 14:40:49'),(195,'admin','127.0.0.1','å†…ç½‘IP','Chrome','Windows 7','0','ç™»å½•æˆåŠŸ','2020-07-15 14:40:51'),(196,'admin','127.0.0.1','å†…ç½‘IP','Chrome','Windows 7','0','é€€å‡ºæˆåŠŸ','2020-07-15 14:44:27'),(197,'admin','127.0.0.1','å†…ç½‘IP','Chrome','Windows 7','0','ç™»å½•æˆåŠŸ','2020-07-15 14:44:46'),(198,'admin','127.0.0.1','å†…ç½‘IP','Chrome','Windows 7','0','é€€å‡ºæˆåŠŸ','2020-07-15 14:48:54'),(199,'admin','127.0.0.1','å†…ç½‘IP','Chrome','Windows 7','0','ç™»å½•æˆåŠŸ','2020-07-15 14:49:07'),(200,'admin','127.0.0.1','å†…ç½‘IP','Chrome','Windows 7','0','é€€å‡ºæˆåŠŸ','2020-07-15 14:53:22'),(201,'ysadmin','127.0.0.1','å†…ç½‘IP','Chrome','Windows 7','0','ç™»å½•æˆåŠŸ','2020-07-15 14:53:28'),(202,'ysadmin','127.0.0.1','å†…ç½‘IP','Chrome','Windows 7','0','é€€å‡ºæˆåŠŸ','2020-07-15 14:59:08'),(203,'admin','127.0.0.1','å†…ç½‘IP','Chrome','Windows 7','0','ç™»å½•æˆåŠŸ','2020-07-15 14:59:12'),(204,'admin','127.0.0.1','å†…ç½‘IP','Chrome','Windows 7','0','é€€å‡ºæˆåŠŸ','2020-07-15 15:00:11'),(205,'admin','127.0.0.1','å†…ç½‘IP','Chrome','Windows 7','0','ç™»å½•æˆåŠŸ','2020-07-15 15:00:39'),(206,'admin','127.0.0.1','å†…ç½‘IP','Chrome','Windows 7','0','é€€å‡ºæˆåŠŸ','2020-07-15 15:04:13'),(207,'ysadmin','127.0.0.1','å†…ç½‘IP','Chrome','Windows 7','0','ç™»å½•æˆåŠŸ','2020-07-15 15:04:21'),(208,'admin','127.0.0.1','å†…ç½‘IP','Chrome','Windows 7','0','ç™»å½•æˆåŠŸ','2020-07-15 15:11:25'),(209,'admin','127.0.0.1','å†…ç½‘IP','Chrome','Windows 7','0','ç™»å½•æˆåŠŸ','2020-07-15 15:13:07'),(210,'admin','127.0.0.1','å†…ç½‘IP','Chrome','Windows 7','0','é€€å‡ºæˆåŠŸ','2020-07-15 15:13:17'),(211,'admin','127.0.0.1','å†…ç½‘IP','Chrome','Windows 7','0','ç™»å½•æˆåŠŸ','2020-07-15 15:13:21'),(212,'admin','127.0.0.1','å†…ç½‘IP','Chrome','Windows 7','0','ç™»å½•æˆåŠŸ','2020-07-15 16:18:39'),(213,'ry','220.178.0.62','XX XX','Chrome','Windows 7','0','ç™»å½•æˆåŠŸ','2020-07-15 16:30:52'),(214,'admin','127.0.0.1','å†…ç½‘IP','Chrome','Windows 7','0','ç™»å½•æˆåŠŸ','2020-07-15 17:04:15'),(215,'admin','127.0.0.1','å†…ç½‘IP','Chrome','Windows 7','0','ç™»å½•æˆåŠŸ','2020-07-16 09:06:49'),(216,'admin','127.0.0.1','å†…ç½‘IP','Chrome','Windows 7','0','é€€å‡ºæˆåŠŸ','2020-07-16 09:33:09'),(217,'admin','127.0.0.1','å†…ç½‘IP','Chrome','Windows 7','0','ç™»å½•æˆåŠŸ','2020-07-16 09:33:12'),(218,'admin','127.0.0.1','å†…ç½‘IP','Chrome','Windows 7','0','ç™»å½•æˆåŠŸ','2020-07-16 10:06:22'),(219,'admin','5.151.38.32','XX XX','Chrome 8','Windows 8.1','0','ç™»å½•æˆåŠŸ','2020-07-16 16:09:42'),(220,'111111','5.151.38.32','XX XX','Chrome 8','Windows 8.1','1','ç”¨æˆ·ä¸å­˜åœ¨/å¯†ç é”™è¯¯','2020-07-16 16:09:42'),(221,'admin','5.151.38.32','XX XX','Chrome 8','Windows 8.1','1','éªŒè¯ç é”™è¯¯','2020-07-16 16:09:42'),(222,'admin','220.178.0.62','XX XX','Chrome','Windows 7','0','ç™»å½•æˆåŠŸ','2020-07-16 16:14:06'),(223,'admin','112.32.66.73','XX XX','Chrome','Windows 10','0','ç™»å½•æˆåŠŸ','2020-07-16 20:16:56'),(224,'admin','127.0.0.1','å†…ç½‘IP','Chrome','Windows 10','0','ç™»å½•æˆåŠŸ','2020-07-16 20:39:13'),(225,'admin','220.178.0.62','XX XX','Chrome','Windows 7','0','ç™»å½•æˆåŠŸ','2020-07-17 16:58:46'),(226,'admin','127.0.0.1','å†…ç½‘IP','Chrome','Windows 7','0','ç™»å½•æˆåŠŸ','2020-07-18 10:15:15'),(227,'admin','127.0.0.1','å†…ç½‘IP','Chrome','Windows 7','0','ç™»å½•æˆåŠŸ','2020-07-18 10:56:53'),(228,'admin','127.0.0.1','å†…ç½‘IP','Chrome','Windows 7','0','ç™»å½•æˆåŠŸ','2020-07-18 10:58:49'),(229,'admin','127.0.0.1','å†…ç½‘IP','Chrome','Windows 7','0','ç™»å½•æˆåŠŸ','2020-07-18 10:59:57'),(230,'admin','127.0.0.1','å†…ç½‘IP','Chrome','Windows 10','1','éªŒè¯ç é”™è¯¯','2020-07-19 20:48:06'),(231,'admin','127.0.0.1','å†…ç½‘IP','Chrome','Windows 10','1','éªŒè¯ç é”™è¯¯','2020-07-19 20:48:06'),(232,'admin','127.0.0.1','å†…ç½‘IP','Chrome','Windows 10','1','éªŒè¯ç é”™è¯¯','2020-07-19 20:48:13'),(233,'admin','127.0.0.1','å†…ç½‘IP','Chrome','Windows 10','1','éªŒè¯ç é”™è¯¯','2020-07-19 20:53:00'),(234,'admin','127.0.0.1','å†…ç½‘IP','Chrome','Windows 10','1','éªŒè¯ç é”™è¯¯','2020-07-19 20:54:28'),(235,'admin','127.0.0.1','å†…ç½‘IP','Chrome','Windows 10','0','ç™»å½•æˆåŠŸ','2020-07-19 20:54:32'),(236,'admin','127.0.0.1','å†…ç½‘IP','Chrome','Windows 10','0','é€€å‡ºæˆåŠŸ','2020-07-19 20:54:37'),(237,'admin','127.0.0.1','å†…ç½‘IP','Chrome','Windows 10','0','ç™»å½•æˆåŠŸ','2020-07-19 20:55:56'),(238,'admin','127.0.0.1','å†…ç½‘IP','Chrome','Windows 10','0','é€€å‡ºæˆåŠŸ','2020-07-19 20:56:00'),(239,'admin','127.0.0.1','å†…ç½‘IP','Chrome','Windows 10','0','ç™»å½•æˆåŠŸ','2020-07-19 20:58:38'),(240,'admin','127.0.0.1','å†…ç½‘IP','Chrome','Windows 10','0','é€€å‡ºæˆåŠŸ','2020-07-19 21:04:13'),(241,'admin','127.0.0.1','å†…ç½‘IP','Chrome','Windows 10','1','éªŒè¯ç é”™è¯¯','2020-07-19 21:07:46'),(242,'1111','127.0.0.1','å†…ç½‘IP','Chrome','Windows 10','1','ç”¨æˆ·ä¸å­˜åœ¨/å¯†ç é”™è¯¯','2020-07-19 21:10:18'),(243,'admin','127.0.0.1','å†…ç½‘IP','Chrome','Windows 10','1','captcha error','2020-07-19 21:21:22'),(244,'1111','127.0.0.1','å†…ç½‘IP','Chrome','Windows 10','1','captcha error','2020-07-19 21:21:31'),(245,'1111','127.0.0.1','å†…ç½‘IP','Chrome','Windows 10','1','User does not exist / password error','2020-07-19 21:21:36'),(246,'admin','127.0.0.1','å†…ç½‘IP','Chrome','Windows 10','0','ç™»å½•æˆåŠŸ','2020-07-19 21:21:44'),(247,'admin','127.0.0.1','å†…ç½‘IP','Chrome','Windows 10','0','ç™»å½•æˆåŠŸ','2020-07-20 20:30:29'),(248,'admin','127.0.0.1','å†…ç½‘IP','Chrome','Windows 10','0','ç™»å½•æˆåŠŸ','2020-07-20 21:06:18'),(249,'admin','127.0.0.1','å†…ç½‘IP','Chrome','Windows 10','0','ç™»å½•æˆåŠŸ','2020-07-20 21:07:00'),(250,'admin','127.0.0.1','å†…ç½‘IP','Chrome','Windows 10','0','ç™»å½•æˆåŠŸ','2020-07-20 21:13:21'),(251,'admin','127.0.0.1','å†…ç½‘IP','Chrome','Windows 10','0','ç™»å½•æˆåŠŸ','2020-07-20 21:16:49'),(252,'admin','127.0.0.1','å†…ç½‘IP','Chrome','Windows 10','0','ç™»å½•æˆåŠŸ','2020-07-20 21:19:11'),(253,'admin','127.0.0.1','å†…ç½‘IP','Chrome','Windows 10','0','ç™»å½•æˆåŠŸ','2020-07-20 21:20:00'),(254,'admin','127.0.0.1','å†…ç½‘IP','Chrome','Windows 10','0','Exit succeeded','2020-07-20 21:59:09'),(255,'admin','127.0.0.1','å†…ç½‘IP','Chrome','Windows 10','0','ç™»å½•æˆåŠŸ','2020-07-20 22:01:42'),(256,'admin','127.0.0.1','å†…ç½‘IP','Chrome','Windows 10','0','ç™»å½•æˆåŠŸ','2020-07-22 20:23:18'),(257,'admin','127.0.0.1','å†…ç½‘IP','Chrome','Windows 7','0','ç™»å½•æˆåŠŸ','2020-07-23 09:08:11'),(258,'admin','127.0.0.1','å†…ç½‘IP','Chrome','Windows 7','0','ç™»å½•æˆåŠŸ','2020-07-23 10:08:11');

/*Table structure for table `sys_menu` */

DROP TABLE IF EXISTS `sys_menu`;

CREATE TABLE `sys_menu` (
  `menu_id` bigint(20) NOT NULL AUTO_INCREMENT COMMENT 'èœå•ID',
  `menu_name` varchar(50) NOT NULL COMMENT 'èœå•åç§°',
  `parent_id` bigint(20) DEFAULT '0' COMMENT 'çˆ¶èœå•ID',
  `order_num` int(4) DEFAULT '0' COMMENT 'æ˜¾ç¤ºé¡ºåº',
  `url` varchar(200) DEFAULT '#' COMMENT 'è¯·æ±‚åœ°å€',
  `target` varchar(20) DEFAULT '' COMMENT 'æ‰“å¼€æ–¹å¼ï¼ˆmenuItemé¡µç­¾ menuBlankæ–°çª—å£ï¼‰',
  `menu_type` char(1) DEFAULT '' COMMENT 'èœå•ç±»å‹ï¼ˆMç›®å½• Cèœå• FæŒ‰é’®ï¼‰',
  `visible` char(1) DEFAULT '0' COMMENT 'èœå•çŠ¶æ€ï¼ˆ0æ˜¾ç¤º 1éšè—ï¼‰',
  `perms` varchar(100) DEFAULT NULL COMMENT 'æƒé™æ ‡è¯†',
  `icon` varchar(100) DEFAULT '#' COMMENT 'èœå•å›¾æ ‡',
  `create_by` varchar(64) DEFAULT '' COMMENT 'åˆ›å»ºè€…',
  `create_time` datetime DEFAULT NULL COMMENT 'åˆ›å»ºæ—¶é—´',
  `update_by` varchar(64) DEFAULT '' COMMENT 'æ›´æ–°è€…',
  `update_time` datetime DEFAULT NULL COMMENT 'æ›´æ–°æ—¶é—´',
  `remark` varchar(500) DEFAULT '' COMMENT 'å¤‡æ³¨',
  PRIMARY KEY (`menu_id`)
) ENGINE=InnoDB AUTO_INCREMENT=2060 DEFAULT CHARSET=utf8 COMMENT='èœå•æƒé™è¡¨';

/*Data for the table `sys_menu` */

insert  into `sys_menu`(`menu_id`,`menu_name`,`parent_id`,`order_num`,`url`,`target`,`menu_type`,`visible`,`perms`,`icon`,`create_by`,`create_time`,`update_by`,`update_time`,`remark`) values (1,'System Management',0,1,'#','','M','0','','fa fa-gear','admin','2018-03-16 11:33:00','ry','2018-03-16 11:33:00','ç³»ç»Ÿç®¡ç†ç›®å½•'),(2,'ç³»ç»Ÿç›‘æ§',0,2,'#','menuItem','M','1','','fa fa-video-camera','admin','2018-03-16 11:33:00','admin','2020-07-15 09:26:07','ç³»ç»Ÿç›‘æ§ç›®å½•'),(3,'System Tool',0,3,'#','','M','0','','fa fa-bars','admin','2018-03-16 11:33:00','ry','2018-03-16 11:33:00','ç³»ç»Ÿå·¥å…·ç›®å½•'),(4,'è‹¥ä¾å®˜ç½‘',0,4,'http://ruoyi.vip','menuBlank','C','1','','fa fa-location-arrow','admin','2018-03-16 11:33:00','admin','2020-07-15 09:16:54','è‹¥ä¾å®˜ç½‘åœ°å€'),(100,'User Management',1,1,'/system/user','','C','0','system:user:view','#','admin','2018-03-16 11:33:00','ry','2018-03-16 11:33:00','ç”¨æˆ·ç®¡ç†èœå•'),(101,'Role Management',1,2,'/system/role','menuItem','C','1','system:role:view','#','admin','2018-03-16 11:33:00','admin','2020-07-15 09:26:25','è§’è‰²ç®¡ç†èœå•'),(102,'èœå•ç®¡ç†',1,3,'/system/menu','menuItem','C','1','system:menu:view','#','admin','2018-03-16 11:33:00','admin','2020-07-15 09:27:16','èœå•ç®¡ç†èœå•'),(103,'Dept Management',1,4,'/system/dept','','C','1','system:dept:view','#','admin','2018-03-16 11:33:00','ry','2018-03-16 11:33:00','éƒ¨é—¨ç®¡ç†èœå•'),(105,'å­—å…¸ç®¡ç†',1,6,'/system/dict','menuItem','C','1','system:dict:view','#','admin','2018-03-16 11:33:00','admin','2020-07-15 09:26:52','å­—å…¸ç®¡ç†èœå•'),(106,'å‚æ•°è®¾ç½®',1,7,'/system/config','menuItem','C','1','system:config:view','#','admin','2018-03-16 11:33:00','admin','2020-07-15 09:26:44','å‚æ•°è®¾ç½®èœå•'),(108,'æ—¥å¿—ç®¡ç†',1,9,'#','menuItem','M','1','','#','admin','2018-03-16 11:33:00','admin','2020-07-15 09:26:31','æ—¥å¿—ç®¡ç†èœå•'),(109,'åœ¨çº¿ç”¨æˆ·',2,1,'/monitor/online','','C','1','monitor:online:view','#','admin','2018-03-16 11:33:00','ry','2018-03-16 11:33:00','åœ¨çº¿ç”¨æˆ·èœå•'),(110,'å®šæ—¶ä»»åŠ¡',2,2,'/monitor/job','','C','1','monitor:job:view','#','admin','2018-03-16 11:33:00','ry','2018-03-16 11:33:00','å®šæ—¶ä»»åŠ¡èœå•'),(111,'æ•°æ®ç›‘æ§',2,3,'/monitor/data','','C','1','monitor:data:view','#','admin','2018-03-16 11:33:00','ry','2018-03-16 11:33:00','æ•°æ®ç›‘æ§èœå•'),(112,'æœåŠ¡ç›‘æ§',2,3,'/monitor/server','','C','1','monitor:server:view','#','admin','2018-03-16 11:33:00','ry','2018-03-16 11:33:00','æœåŠ¡ç›‘æ§èœå•'),(113,'Form Construction',3,1,'/tool/build','menuItem','C','0','tool:build:view','#','admin','2018-03-16 11:33:00','admin','2020-07-15 09:25:39','è¡¨å•æ„å»ºèœå•'),(114,'code generation',3,2,'/tool/gen','','C','0','tool:gen:view','#','admin','2018-03-16 11:33:00','ry','2018-03-16 11:33:00','ä»£ç ç”Ÿæˆèœå•'),(115,'ç³»ç»Ÿæ¥å£',3,3,'/tool/swagger','menuItem','C','1','tool:swagger:view','#','admin','2018-03-16 11:33:00','admin','2020-07-15 09:25:54','ç³»ç»Ÿæ¥å£èœå•'),(500,'æ“ä½œæ—¥å¿—',108,1,'/monitor/operlog','','C','1','monitor:operlog:view','#','admin','2018-03-16 11:33:00','ry','2018-03-16 11:33:00','æ“ä½œæ—¥å¿—èœå•'),(501,'ç™»å½•æ—¥å¿—',108,2,'/monitor/logininfor','','C','1','monitor:logininfor:view','#','admin','2018-03-16 11:33:00','ry','2018-03-16 11:33:00','ç™»å½•æ—¥å¿—èœå•'),(1000,'ç”¨æˆ·æŸ¥è¯¢',100,1,'#','','F','0','system:user:list','#','admin','2018-03-16 11:33:00','ry','2018-03-16 11:33:00',''),(1001,'ç”¨æˆ·æ–°å¢',100,2,'#','','F','0','system:user:add','#','admin','2018-03-16 11:33:00','ry','2018-03-16 11:33:00',''),(1002,'ç”¨æˆ·ä¿®æ”¹',100,3,'#','','F','0','system:user:edit','#','admin','2018-03-16 11:33:00','ry','2018-03-16 11:33:00',''),(1003,'ç”¨æˆ·åˆ é™¤',100,4,'#','','F','0','system:user:remove','#','admin','2018-03-16 11:33:00','ry','2018-03-16 11:33:00',''),(1004,'ç”¨æˆ·å¯¼å‡º',100,5,'#','','F','0','system:user:export','#','admin','2018-03-16 11:33:00','ry','2018-03-16 11:33:00',''),(1005,'ç”¨æˆ·å¯¼å…¥',100,6,'#','','F','0','system:user:import','#','admin','2018-03-16 11:33:00','ry','2018-03-16 11:33:00',''),(1006,'é‡ç½®å¯†ç ',100,7,'#','','F','0','system:user:resetPwd','#','admin','2018-03-16 11:33:00','ry','2018-03-16 11:33:00',''),(1007,'è§’è‰²æŸ¥è¯¢',101,1,'#','','F','1','system:role:list','#','admin','2018-03-16 11:33:00','ry','2018-03-16 11:33:00',''),(1008,'è§’è‰²æ–°å¢',101,2,'#','','F','1','system:role:add','#','admin','2018-03-16 11:33:00','ry','2018-03-16 11:33:00',''),(1009,'è§’è‰²ä¿®æ”¹',101,3,'#','','F','1','system:role:edit','#','admin','2018-03-16 11:33:00','ry','2018-03-16 11:33:00',''),(1010,'è§’è‰²åˆ é™¤',101,4,'#','','F','1','system:role:remove','#','admin','2018-03-16 11:33:00','ry','2018-03-16 11:33:00',''),(1011,'è§’è‰²å¯¼å‡º',101,5,'#','','F','1','system:role:export','#','admin','2018-03-16 11:33:00','ry','2018-03-16 11:33:00',''),(1012,'èœå•æŸ¥è¯¢',102,1,'#','','F','1','system:menu:list','#','admin','2018-03-16 11:33:00','ry','2018-03-16 11:33:00',''),(1013,'èœå•æ–°å¢',102,2,'#','','F','1','system:menu:add','#','admin','2018-03-16 11:33:00','ry','2018-03-16 11:33:00',''),(1014,'èœå•ä¿®æ”¹',102,3,'#','','F','1','system:menu:edit','#','admin','2018-03-16 11:33:00','ry','2018-03-16 11:33:00',''),(1015,'èœå•åˆ é™¤',102,4,'#','','F','1','system:menu:remove','#','admin','2018-03-16 11:33:00','ry','2018-03-16 11:33:00',''),(1016,'éƒ¨é—¨æŸ¥è¯¢',103,1,'#','','F','1','system:dept:list','#','admin','2018-03-16 11:33:00','ry','2018-03-16 11:33:00',''),(1017,'éƒ¨é—¨æ–°å¢',103,2,'#','','F','1','system:dept:add','#','admin','2018-03-16 11:33:00','ry','2018-03-16 11:33:00',''),(1018,'éƒ¨é—¨ä¿®æ”¹',103,3,'#','','F','1','system:dept:edit','#','admin','2018-03-16 11:33:00','ry','2018-03-16 11:33:00',''),(1019,'éƒ¨é—¨åˆ é™¤',103,4,'#','','F','1','system:dept:remove','#','admin','2018-03-16 11:33:00','ry','2018-03-16 11:33:00',''),(1025,'å­—å…¸æŸ¥è¯¢',105,1,'#','','F','1','system:dict:list','#','admin','2018-03-16 11:33:00','ry','2018-03-16 11:33:00',''),(1026,'å­—å…¸æ–°å¢',105,2,'#','','F','1','system:dict:add','#','admin','2018-03-16 11:33:00','ry','2018-03-16 11:33:00',''),(1027,'å­—å…¸ä¿®æ”¹',105,3,'#','','F','1','system:dict:edit','#','admin','2018-03-16 11:33:00','ry','2018-03-16 11:33:00',''),(1028,'å­—å…¸åˆ é™¤',105,4,'#','','F','1','system:dict:remove','#','admin','2018-03-16 11:33:00','ry','2018-03-16 11:33:00',''),(1029,'å­—å…¸å¯¼å‡º',105,5,'#','','F','1','system:dict:export','#','admin','2018-03-16 11:33:00','ry','2018-03-16 11:33:00',''),(1030,'å‚æ•°æŸ¥è¯¢',106,1,'#','','F','1','system:config:list','#','admin','2018-03-16 11:33:00','ry','2018-03-16 11:33:00',''),(1031,'å‚æ•°æ–°å¢',106,2,'#','','F','1','system:config:add','#','admin','2018-03-16 11:33:00','ry','2018-03-16 11:33:00',''),(1032,'å‚æ•°ä¿®æ”¹',106,3,'#','','F','1','system:config:edit','#','admin','2018-03-16 11:33:00','ry','2018-03-16 11:33:00',''),(1033,'å‚æ•°åˆ é™¤',106,4,'#','','F','1','system:config:remove','#','admin','2018-03-16 11:33:00','ry','2018-03-16 11:33:00',''),(1034,'å‚æ•°å¯¼å‡º',106,5,'#','','F','1','system:config:export','#','admin','2018-03-16 11:33:00','ry','2018-03-16 11:33:00',''),(1039,'æ“ä½œæŸ¥è¯¢',500,1,'#','','F','1','monitor:operlog:list','#','admin','2018-03-16 11:33:00','ry','2018-03-16 11:33:00',''),(1040,'æ“ä½œåˆ é™¤',500,2,'#','','F','1','monitor:operlog:remove','#','admin','2018-03-16 11:33:00','ry','2018-03-16 11:33:00',''),(1041,'è¯¦ç»†ä¿¡æ¯',500,3,'#','','F','1','monitor:operlog:detail','#','admin','2018-03-16 11:33:00','ry','2018-03-16 11:33:00',''),(1042,'æ—¥å¿—å¯¼å‡º',500,4,'#','','F','1','monitor:operlog:export','#','admin','2018-03-16 11:33:00','ry','2018-03-16 11:33:00',''),(1043,'ç™»å½•æŸ¥è¯¢',501,1,'#','','F','1','monitor:logininfor:list','#','admin','2018-03-16 11:33:00','ry','2018-03-16 11:33:00',''),(1044,'ç™»å½•åˆ é™¤',501,2,'#','','F','1','monitor:logininfor:remove','#','admin','2018-03-16 11:33:00','ry','2018-03-16 11:33:00',''),(1045,'æ—¥å¿—å¯¼å‡º',501,3,'#','','F','1','monitor:logininfor:export','#','admin','2018-03-16 11:33:00','ry','2018-03-16 11:33:00',''),(1046,'è´¦æˆ·è§£é”',501,4,'#','','F','1','monitor:logininfor:unlock','#','admin','2018-03-16 11:33:00','ry','2018-03-16 11:33:00',''),(1047,'åœ¨çº¿æŸ¥è¯¢',109,1,'#','','F','1','monitor:online:list','#','admin','2018-03-16 11:33:00','ry','2018-03-16 11:33:00',''),(1048,'æ‰¹é‡å¼ºé€€',109,2,'#','','F','1','monitor:online:batchForceLogout','#','admin','2018-03-16 11:33:00','ry','2018-03-16 11:33:00',''),(1049,'å•æ¡å¼ºé€€',109,3,'#','','F','1','monitor:online:forceLogout','#','admin','2018-03-16 11:33:00','ry','2018-03-16 11:33:00',''),(1050,'ä»»åŠ¡æŸ¥è¯¢',110,1,'#','','F','1','monitor:job:list','#','admin','2018-03-16 11:33:00','ry','2018-03-16 11:33:00',''),(1051,'ä»»åŠ¡æ–°å¢',110,2,'#','','F','1','monitor:job:add','#','admin','2018-03-16 11:33:00','ry','2018-03-16 11:33:00',''),(1052,'ä»»åŠ¡ä¿®æ”¹',110,3,'#','','F','1','monitor:job:edit','#','admin','2018-03-16 11:33:00','ry','2018-03-16 11:33:00',''),(1053,'ä»»åŠ¡åˆ é™¤',110,4,'#','','F','1','monitor:job:remove','#','admin','2018-03-16 11:33:00','ry','2018-03-16 11:33:00',''),(1054,'çŠ¶æ€ä¿®æ”¹',110,5,'#','','F','1','monitor:job:changeStatus','#','admin','2018-03-16 11:33:00','ry','2018-03-16 11:33:00',''),(1055,'ä»»åŠ¡è¯¦ç»†',110,6,'#','','F','1','monitor:job:detail','#','admin','2018-03-16 11:33:00','ry','2018-03-16 11:33:00',''),(1056,'ä»»åŠ¡å¯¼å‡º',110,7,'#','','F','1','monitor:job:export','#','admin','2018-03-16 11:33:00','ry','2018-03-16 11:33:00',''),(1057,'ç”ŸæˆæŸ¥è¯¢',114,1,'#','','F','0','tool:gen:list','#','admin','2018-03-16 11:33:00','ry','2018-03-16 11:33:00',''),(1058,'ç”Ÿæˆä¿®æ”¹',114,2,'#','','F','0','tool:gen:edit','#','admin','2018-03-16 11:33:00','ry','2018-03-16 11:33:00',''),(1059,'ç”Ÿæˆåˆ é™¤',114,3,'#','','F','0','tool:gen:remove','#','admin','2018-03-16 11:33:00','ry','2018-03-16 11:33:00',''),(1060,'é¢„è§ˆä»£ç ',114,4,'#','','F','0','tool:gen:preview','#','admin','2018-03-16 11:33:00','ry','2018-03-16 11:33:00',''),(1061,'ç”Ÿæˆä»£ç ',114,5,'#','','F','0','tool:gen:code','#','admin','2018-03-16 11:33:00','ry','2018-03-16 11:33:00',''),(2048,'StudentInfo',1,1,'/system/student','','C','0','system:student:view','#','admin','2018-03-01 00:00:00','ry','2018-03-01 00:00:00','StudentInfoèœå•'),(2049,'StudentInfoæŸ¥è¯¢',2048,1,'#','','F','0','system:student:list','#','admin','2018-03-01 00:00:00','ry','2018-03-01 00:00:00',''),(2050,'StudentInfoæ–°å¢',2048,2,'#','','F','0','system:student:add','#','admin','2018-03-01 00:00:00','ry','2018-03-01 00:00:00',''),(2051,'StudentInfoä¿®æ”¹',2048,3,'#','','F','0','system:student:edit','#','admin','2018-03-01 00:00:00','ry','2018-03-01 00:00:00',''),(2052,'StudentInfoåˆ é™¤',2048,4,'#','','F','0','system:student:remove','#','admin','2018-03-01 00:00:00','ry','2018-03-01 00:00:00',''),(2053,'StudentInfoå¯¼å‡º',2048,5,'#','','F','0','system:student:export','#','admin','2018-03-01 00:00:00','ry','2018-03-01 00:00:00',''),(2054,'Post Information',1,1,'/system/postinfo','','C','0','system:postinfo:view','#','admin','2018-03-01 00:00:00','ry','2018-03-01 00:00:00','Post Informationèœå•'),(2055,'Post InformationæŸ¥è¯¢',2054,1,'#','','F','0','system:postinfo:list','#','admin','2018-03-01 00:00:00','ry','2018-03-01 00:00:00',''),(2056,'Post Informationæ–°å¢',2054,2,'#','','F','0','system:postinfo:add','#','admin','2018-03-01 00:00:00','ry','2018-03-01 00:00:00',''),(2057,'Post Informationä¿®æ”¹',2054,3,'#','','F','0','system:postinfo:edit','#','admin','2018-03-01 00:00:00','ry','2018-03-01 00:00:00',''),(2058,'Post Informationåˆ é™¤',2054,4,'#','','F','0','system:postinfo:remove','#','admin','2018-03-01 00:00:00','ry','2018-03-01 00:00:00',''),(2059,'Post Informationå¯¼å‡º',2054,5,'#','','F','0','system:postinfo:export','#','admin','2018-03-01 00:00:00','ry','2018-03-01 00:00:00','');

/*Table structure for table `sys_notice` */

DROP TABLE IF EXISTS `sys_notice`;

CREATE TABLE `sys_notice` (
  `notice_id` int(4) NOT NULL AUTO_INCREMENT COMMENT 'å…¬å‘ŠID',
  `notice_title` varchar(50) NOT NULL COMMENT 'å…¬å‘Šæ ‡é¢˜',
  `notice_type` char(1) NOT NULL COMMENT 'å…¬å‘Šç±»å‹ï¼ˆ1é€šçŸ¥ 2å…¬å‘Šï¼‰',
  `notice_content` varchar(2000) DEFAULT NULL COMMENT 'å…¬å‘Šå†…å®¹',
  `status` char(1) DEFAULT '0' COMMENT 'å…¬å‘ŠçŠ¶æ€ï¼ˆ0æ­£å¸¸ 1å…³é—­ï¼‰',
  `create_by` varchar(64) DEFAULT '' COMMENT 'åˆ›å»ºè€…',
  `create_time` datetime DEFAULT NULL COMMENT 'åˆ›å»ºæ—¶é—´',
  `update_by` varchar(64) DEFAULT '' COMMENT 'æ›´æ–°è€…',
  `update_time` datetime DEFAULT NULL COMMENT 'æ›´æ–°æ—¶é—´',
  `remark` varchar(255) DEFAULT NULL COMMENT 'å¤‡æ³¨',
  PRIMARY KEY (`notice_id`)
) ENGINE=InnoDB AUTO_INCREMENT=10 DEFAULT CHARSET=utf8 COMMENT='é€šçŸ¥å…¬å‘Šè¡¨';

/*Data for the table `sys_notice` */

insert  into `sys_notice`(`notice_id`,`notice_title`,`notice_type`,`notice_content`,`status`,`create_by`,`create_time`,`update_by`,`update_time`,`remark`) values (1,'æ¸©é¦¨æé†’ï¼š2018-07-01 è‹¥ä¾æ–°ç‰ˆæœ¬å‘å¸ƒå•¦','2','æ–°ç‰ˆæœ¬å†…å®¹','0','admin','2018-03-16 11:33:00','ry','2018-03-16 11:33:00','ç®¡ç†å‘˜'),(2,'ç»´æŠ¤é€šçŸ¥ï¼š2018-07-01 è‹¥ä¾ç³»ç»Ÿå‡Œæ™¨ç»´æŠ¤','1','ç»´æŠ¤å†…å®¹','0','admin','2018-03-16 11:33:00','ry','2018-03-16 11:33:00','ç®¡ç†å‘˜');

/*Table structure for table `sys_oper_log` */

DROP TABLE IF EXISTS `sys_oper_log`;

CREATE TABLE `sys_oper_log` (
  `oper_id` bigint(20) NOT NULL AUTO_INCREMENT COMMENT 'æ—¥å¿—ä¸»é”®',
  `title` varchar(50) DEFAULT '' COMMENT 'æ¨¡å—æ ‡é¢˜',
  `business_type` int(2) DEFAULT '0' COMMENT 'ä¸šåŠ¡ç±»å‹ï¼ˆ0å…¶å®ƒ 1æ–°å¢ 2ä¿®æ”¹ 3åˆ é™¤ï¼‰',
  `method` varchar(100) DEFAULT '' COMMENT 'æ–¹æ³•åç§°',
  `request_method` varchar(10) DEFAULT '' COMMENT 'è¯·æ±‚æ–¹å¼',
  `operator_type` int(1) DEFAULT '0' COMMENT 'æ“ä½œç±»åˆ«ï¼ˆ0å…¶å®ƒ 1åå°ç”¨æˆ· 2æ‰‹æœºç«¯ç”¨æˆ·ï¼‰',
  `oper_name` varchar(50) DEFAULT '' COMMENT 'æ“ä½œäººå‘˜',
  `dept_name` varchar(50) DEFAULT '' COMMENT 'éƒ¨é—¨åç§°',
  `oper_url` varchar(255) DEFAULT '' COMMENT 'è¯·æ±‚URL',
  `oper_ip` varchar(50) DEFAULT '' COMMENT 'ä¸»æœºåœ°å€',
  `oper_location` varchar(255) DEFAULT '' COMMENT 'æ“ä½œåœ°ç‚¹',
  `oper_param` varchar(2000) DEFAULT '' COMMENT 'è¯·æ±‚å‚æ•°',
  `json_result` varchar(2000) DEFAULT '' COMMENT 'è¿”å›å‚æ•°',
  `status` int(1) DEFAULT '0' COMMENT 'æ“ä½œçŠ¶æ€ï¼ˆ0æ­£å¸¸ 1å¼‚å¸¸ï¼‰',
  `error_msg` varchar(2000) DEFAULT '' COMMENT 'é”™è¯¯æ¶ˆæ¯',
  `oper_time` datetime DEFAULT NULL COMMENT 'æ“ä½œæ—¶é—´',
  PRIMARY KEY (`oper_id`)
) ENGINE=InnoDB AUTO_INCREMENT=191 DEFAULT CHARSET=utf8 COMMENT='æ“ä½œæ—¥å¿—è®°å½•';

/*Data for the table `sys_oper_log` */

insert  into `sys_oper_log`(`oper_id`,`title`,`business_type`,`method`,`request_method`,`operator_type`,`oper_name`,`dept_name`,`oper_url`,`oper_ip`,`oper_location`,`oper_param`,`json_result`,`status`,`error_msg`,`oper_time`) values (100,'ä»£ç ç”Ÿæˆ',8,'com.ruoyi.generator.controller.GenController.batchGenCode()','GET',1,'admin','ç ”å‘éƒ¨é—¨','/tool/gen/batchGenCode','127.0.0.1','å†…ç½‘IP','{\r\n  \"tables\" : [ \"sys_notice\" ]\r\n}','null',1,'illegal identifier : \\pos 1, line 1, column 2{\\\"parentMenuId\\\":\\\"\\\",\\\"treeName\\\":\\\"\\\",\\\"treeParentCode\\\":\\\"\\\",\\\"parentMenuName\\\":\\\"\\\",\\\"treeCode\\\":\\\"\\\"}','2020-07-14 10:26:59'),(101,'ä»£ç ç”Ÿæˆ',8,'com.ruoyi.generator.controller.GenController.batchGenCode()','GET',1,'admin','ç ”å‘éƒ¨é—¨','/tool/gen/batchGenCode','127.0.0.1','å†…ç½‘IP','{\r\n  \"tables\" : [ \"sys_notice\" ]\r\n}','null',1,'','2020-07-14 10:27:46'),(102,'ä»£ç ç”Ÿæˆ',8,'com.ruoyi.generator.controller.GenController.batchGenCode()','GET',1,'admin','ç ”å‘éƒ¨é—¨','/tool/gen/batchGenCode','127.0.0.1','å†…ç½‘IP','{\r\n  \"tables\" : [ \"sys_notice\" ]\r\n}','null',0,NULL,'2020-07-14 10:40:54'),(103,'ä»£ç ç”Ÿæˆ',8,'com.ruoyi.generator.controller.GenController.batchGenCode()','GET',1,'admin','ç ”å‘éƒ¨é—¨','/tool/gen/batchGenCode','127.0.0.1','å†…ç½‘IP','{\r\n  \"tables\" : [ \"sys_test\" ]\r\n}','null',0,NULL,'2020-07-14 10:42:42'),(104,'è§’è‰²ç®¡ç†',1,'com.ruoyi.web.controller.system.SysRoleController.addSave()','POST',1,'admin','ç ”å‘éƒ¨é—¨','/system/role/add','127.0.0.1','å†…ç½‘IP','{\r\n  \"roleName\" : [ \"sys\" ],\r\n  \"roleKey\" : [ \"sys\" ],\r\n  \"roleSort\" : [ \"3\" ],\r\n  \"status\" : [ \"0\" ],\r\n  \"remark\" : [ \"æ™®é€šç®¡ç†å‘˜\" ],\r\n  \"menuIds\" : [ \"1,100,1000,1001,1002,1003,1004,1005,1006,103,1016,1017,1018,1019,108,500,1039,1040,1041,1042,501,1043,1044,1045,1046,3,114,1057,1058,1059,1060,1061\" ]\r\n}','{\r\n  \"msg\" : \"æ“ä½œæˆåŠŸ\",\r\n  \"code\" : 0\r\n}',0,NULL,'2020-07-14 11:45:15'),(105,'é‡ç½®å¯†ç ',2,'com.ruoyi.web.controller.system.SysProfileController.resetPwd()','POST',1,'admin','ç ”å‘éƒ¨é—¨','/system/user/profile/resetPwd','127.0.0.1','å†…ç½‘IP','{\r\n  \"userId\" : [ \"1\" ],\r\n  \"loginName\" : [ \"admin\" ],\r\n  \"oldPassword\" : [ \"admin123\" ],\r\n  \"newPassword\" : [ \"111111\" ],\r\n  \"confirm\" : [ \"111111\" ]\r\n}','{\r\n  \"msg\" : \"æ“ä½œæˆåŠŸ\",\r\n  \"code\" : 0\r\n}',0,NULL,'2020-07-14 11:47:14'),(106,'é‡ç½®å¯†ç ',2,'com.ruoyi.web.controller.system.SysProfileController.resetPwd()','POST',1,'ry','æµ‹è¯•éƒ¨é—¨','/system/user/profile/resetPwd','127.0.0.1','å†…ç½‘IP','{\r\n  \"userId\" : [ \"2\" ],\r\n  \"loginName\" : [ \"ry\" ],\r\n  \"oldPassword\" : [ \"admin123\" ],\r\n  \"newPassword\" : [ \"111111\" ],\r\n  \"confirm\" : [ \"111111\" ]\r\n}','{\r\n  \"msg\" : \"æ“ä½œæˆåŠŸ\",\r\n  \"code\" : 0\r\n}',0,NULL,'2020-07-14 11:52:46'),(107,'ç”¨æˆ·ç®¡ç†',1,'com.ruoyi.web.controller.system.SysUserController.addSave()','POST',1,'admin','ç ”å‘éƒ¨é—¨','/system/user/add','127.0.0.1','å†…ç½‘IP','{\r\n  \"deptId\" : [ \"108\" ],\r\n  \"userName\" : [ \"æ™®é€šç®¡ç†å‘˜\" ],\r\n  \"deptName\" : [ \"å¸‚åœºéƒ¨é—¨\" ],\r\n  \"phonenumber\" : [ \"14755164307\" ],\r\n  \"email\" : [ \"978258922@qq.com\" ],\r\n  \"loginName\" : [ \"sys\" ],\r\n  \"password\" : [ \"123456\" ],\r\n  \"sex\" : [ \"0\" ],\r\n  \"role\" : [ \"2\" ],\r\n  \"remark\" : [ \"\" ],\r\n  \"status\" : [ \"0\" ],\r\n  \"roleIds\" : [ \"2\" ],\r\n  \"postIds\" : [ \"4\" ]\r\n}','{\r\n  \"msg\" : \"æ“ä½œæˆåŠŸ\",\r\n  \"code\" : 0\r\n}',0,NULL,'2020-07-14 11:55:46'),(108,'ç”¨æˆ·ç®¡ç†',2,'com.ruoyi.web.controller.system.SysUserController.editSave()','POST',1,'admin','ç ”å‘éƒ¨é—¨','/system/user/edit','127.0.0.1','å†…ç½‘IP','{\r\n  \"userId\" : [ \"100\" ],\r\n  \"deptId\" : [ \"108\" ],\r\n  \"userName\" : [ \"æ™®é€šç®¡ç†å‘˜\" ],\r\n  \"dept.deptName\" : [ \"å¸‚åœºéƒ¨é—¨\" ],\r\n  \"phonenumber\" : [ \"14755164307\" ],\r\n  \"email\" : [ \"978258922@qq.com\" ],\r\n  \"loginName\" : [ \"sys\" ],\r\n  \"sex\" : [ \"0\" ],\r\n  \"role\" : [ \"100\" ],\r\n  \"remark\" : [ \"\" ],\r\n  \"status\" : [ \"0\" ],\r\n  \"roleIds\" : [ \"100\" ],\r\n  \"postIds\" : [ \"4\" ]\r\n}','{\r\n  \"msg\" : \"æ“ä½œæˆåŠŸ\",\r\n  \"code\" : 0\r\n}',0,NULL,'2020-07-14 11:56:40'),(109,'è§’è‰²ç®¡ç†',2,'com.ruoyi.web.controller.system.SysRoleController.editSave()','POST',1,'admin','ç ”å‘éƒ¨é—¨','/system/role/edit','127.0.0.1','å†…ç½‘IP','{\r\n  \"roleId\" : [ \"100\" ],\r\n  \"roleName\" : [ \"sys\" ],\r\n  \"roleKey\" : [ \"sys\" ],\r\n  \"roleSort\" : [ \"3\" ],\r\n  \"status\" : [ \"0\" ],\r\n  \"remark\" : [ \"æ™®é€šç®¡ç†å‘˜\" ],\r\n  \"menuIds\" : [ \"1,100,1000,1001,1002,1003,1004,1005,1006,103,1016,1017,1018,1019,3,114,1057,1058,1059,1060,1061\" ]\r\n}','{\r\n  \"msg\" : \"æ“ä½œæˆåŠŸ\",\r\n  \"code\" : 0\r\n}',0,NULL,'2020-07-14 11:57:44'),(110,'èœå•ç®¡ç†',2,'com.ruoyi.web.controller.system.SysMenuController.editSave()','POST',1,'admin','ç ”å‘éƒ¨é—¨','/system/menu/edit','127.0.0.1','å†…ç½‘IP','{\r\n  \"menuId\" : [ \"4\" ],\r\n  \"parentId\" : [ \"0\" ],\r\n  \"menuType\" : [ \"C\" ],\r\n  \"menuName\" : [ \"è‹¥ä¾å®˜ç½‘\" ],\r\n  \"url\" : [ \"http://ruoyi.vip\" ],\r\n  \"target\" : [ \"menuBlank\" ],\r\n  \"perms\" : [ \"\" ],\r\n  \"orderNum\" : [ \"4\" ],\r\n  \"icon\" : [ \"fa fa-location-arrow\" ],\r\n  \"visible\" : [ \"1\" ]\r\n}','{\r\n  \"msg\" : \"æ“ä½œæˆåŠŸ\",\r\n  \"code\" : 0\r\n}',0,NULL,'2020-07-15 09:16:54'),(111,'èœå•ç®¡ç†',2,'com.ruoyi.web.controller.system.SysMenuController.editSave()','POST',1,'admin','ç ”å‘éƒ¨é—¨','/system/menu/edit','127.0.0.1','å†…ç½‘IP','{\r\n  \"menuId\" : [ \"113\" ],\r\n  \"parentId\" : [ \"3\" ],\r\n  \"menuType\" : [ \"C\" ],\r\n  \"menuName\" : [ \"è¡¨å•æ„å»º\" ],\r\n  \"url\" : [ \"/tool/build\" ],\r\n  \"target\" : [ \"menuItem\" ],\r\n  \"perms\" : [ \"tool:build:view\" ],\r\n  \"orderNum\" : [ \"1\" ],\r\n  \"icon\" : [ \"#\" ],\r\n  \"visible\" : [ \"1\" ]\r\n}','{\r\n  \"msg\" : \"æ“ä½œæˆåŠŸ\",\r\n  \"code\" : 0\r\n}',0,NULL,'2020-07-15 09:25:39'),(112,'èœå•ç®¡ç†',2,'com.ruoyi.web.controller.system.SysMenuController.editSave()','POST',1,'admin','ç ”å‘éƒ¨é—¨','/system/menu/edit','127.0.0.1','å†…ç½‘IP','{\r\n  \"menuId\" : [ \"2000\" ],\r\n  \"parentId\" : [ \"3\" ],\r\n  \"menuType\" : [ \"C\" ],\r\n  \"menuName\" : [ \"æµ‹è¯•æ¨¡å—\" ],\r\n  \"url\" : [ \"/system/test\" ],\r\n  \"target\" : [ \"menuItem\" ],\r\n  \"perms\" : [ \"system:test:view\" ],\r\n  \"orderNum\" : [ \"1\" ],\r\n  \"icon\" : [ \"#\" ],\r\n  \"visible\" : [ \"1\" ]\r\n}','{\r\n  \"msg\" : \"æ“ä½œæˆåŠŸ\",\r\n  \"code\" : 0\r\n}',0,NULL,'2020-07-15 09:25:46'),(113,'èœå•ç®¡ç†',2,'com.ruoyi.web.controller.system.SysMenuController.editSave()','POST',1,'admin','ç ”å‘éƒ¨é—¨','/system/menu/edit','127.0.0.1','å†…ç½‘IP','{\r\n  \"menuId\" : [ \"115\" ],\r\n  \"parentId\" : [ \"3\" ],\r\n  \"menuType\" : [ \"C\" ],\r\n  \"menuName\" : [ \"ç³»ç»Ÿæ¥å£\" ],\r\n  \"url\" : [ \"/tool/swagger\" ],\r\n  \"target\" : [ \"menuItem\" ],\r\n  \"perms\" : [ \"tool:swagger:view\" ],\r\n  \"orderNum\" : [ \"3\" ],\r\n  \"icon\" : [ \"#\" ],\r\n  \"visible\" : [ \"1\" ]\r\n}','{\r\n  \"msg\" : \"æ“ä½œæˆåŠŸ\",\r\n  \"code\" : 0\r\n}',0,NULL,'2020-07-15 09:25:54'),(114,'èœå•ç®¡ç†',2,'com.ruoyi.web.controller.system.SysMenuController.editSave()','POST',1,'admin','ç ”å‘éƒ¨é—¨','/system/menu/edit','127.0.0.1','å†…ç½‘IP','{\r\n  \"menuId\" : [ \"2\" ],\r\n  \"parentId\" : [ \"0\" ],\r\n  \"menuType\" : [ \"M\" ],\r\n  \"menuName\" : [ \"ç³»ç»Ÿç›‘æ§\" ],\r\n  \"url\" : [ \"#\" ],\r\n  \"target\" : [ \"menuItem\" ],\r\n  \"perms\" : [ \"\" ],\r\n  \"orderNum\" : [ \"2\" ],\r\n  \"icon\" : [ \"fa fa-video-camera\" ],\r\n  \"visible\" : [ \"1\" ]\r\n}','{\r\n  \"msg\" : \"æ“ä½œæˆåŠŸ\",\r\n  \"code\" : 0\r\n}',0,NULL,'2020-07-15 09:26:07'),(115,'èœå•ç®¡ç†',2,'com.ruoyi.web.controller.system.SysMenuController.editSave()','POST',1,'admin','ç ”å‘éƒ¨é—¨','/system/menu/edit','127.0.0.1','å†…ç½‘IP','{\r\n  \"menuId\" : [ \"101\" ],\r\n  \"parentId\" : [ \"1\" ],\r\n  \"menuType\" : [ \"C\" ],\r\n  \"menuName\" : [ \"è§’è‰²ç®¡ç†\" ],\r\n  \"url\" : [ \"/system/role\" ],\r\n  \"target\" : [ \"menuItem\" ],\r\n  \"perms\" : [ \"system:role:view\" ],\r\n  \"orderNum\" : [ \"2\" ],\r\n  \"icon\" : [ \"#\" ],\r\n  \"visible\" : [ \"1\" ]\r\n}','{\r\n  \"msg\" : \"æ“ä½œæˆåŠŸ\",\r\n  \"code\" : 0\r\n}',0,NULL,'2020-07-15 09:26:25'),(116,'èœå•ç®¡ç†',2,'com.ruoyi.web.controller.system.SysMenuController.editSave()','POST',1,'admin','ç ”å‘éƒ¨é—¨','/system/menu/edit','127.0.0.1','å†…ç½‘IP','{\r\n  \"menuId\" : [ \"108\" ],\r\n  \"parentId\" : [ \"1\" ],\r\n  \"menuType\" : [ \"M\" ],\r\n  \"menuName\" : [ \"æ—¥å¿—ç®¡ç†\" ],\r\n  \"url\" : [ \"#\" ],\r\n  \"target\" : [ \"menuItem\" ],\r\n  \"perms\" : [ \"\" ],\r\n  \"orderNum\" : [ \"9\" ],\r\n  \"icon\" : [ \"#\" ],\r\n  \"visible\" : [ \"1\" ]\r\n}','{\r\n  \"msg\" : \"æ“ä½œæˆåŠŸ\",\r\n  \"code\" : 0\r\n}',0,NULL,'2020-07-15 09:26:32'),(117,'èœå•ç®¡ç†',2,'com.ruoyi.web.controller.system.SysMenuController.editSave()','POST',1,'admin','ç ”å‘éƒ¨é—¨','/system/menu/edit','127.0.0.1','å†…ç½‘IP','{\r\n  \"menuId\" : [ \"107\" ],\r\n  \"parentId\" : [ \"1\" ],\r\n  \"menuType\" : [ \"C\" ],\r\n  \"menuName\" : [ \"é€šçŸ¥å…¬å‘Š\" ],\r\n  \"url\" : [ \"/system/notice\" ],\r\n  \"target\" : [ \"menuItem\" ],\r\n  \"perms\" : [ \"system:notice:view\" ],\r\n  \"orderNum\" : [ \"8\" ],\r\n  \"icon\" : [ \"#\" ],\r\n  \"visible\" : [ \"1\" ]\r\n}','{\r\n  \"msg\" : \"æ“ä½œæˆåŠŸ\",\r\n  \"code\" : 0\r\n}',0,NULL,'2020-07-15 09:26:38'),(118,'èœå•ç®¡ç†',2,'com.ruoyi.web.controller.system.SysMenuController.editSave()','POST',1,'admin','ç ”å‘éƒ¨é—¨','/system/menu/edit','127.0.0.1','å†…ç½‘IP','{\r\n  \"menuId\" : [ \"106\" ],\r\n  \"parentId\" : [ \"1\" ],\r\n  \"menuType\" : [ \"C\" ],\r\n  \"menuName\" : [ \"å‚æ•°è®¾ç½®\" ],\r\n  \"url\" : [ \"/system/config\" ],\r\n  \"target\" : [ \"menuItem\" ],\r\n  \"perms\" : [ \"system:config:view\" ],\r\n  \"orderNum\" : [ \"7\" ],\r\n  \"icon\" : [ \"#\" ],\r\n  \"visible\" : [ \"1\" ]\r\n}','{\r\n  \"msg\" : \"æ“ä½œæˆåŠŸ\",\r\n  \"code\" : 0\r\n}',0,NULL,'2020-07-15 09:26:45'),(119,'èœå•ç®¡ç†',2,'com.ruoyi.web.controller.system.SysMenuController.editSave()','POST',1,'admin','ç ”å‘éƒ¨é—¨','/system/menu/edit','127.0.0.1','å†…ç½‘IP','{\r\n  \"menuId\" : [ \"105\" ],\r\n  \"parentId\" : [ \"1\" ],\r\n  \"menuType\" : [ \"C\" ],\r\n  \"menuName\" : [ \"å­—å…¸ç®¡ç†\" ],\r\n  \"url\" : [ \"/system/dict\" ],\r\n  \"target\" : [ \"menuItem\" ],\r\n  \"perms\" : [ \"system:dict:view\" ],\r\n  \"orderNum\" : [ \"6\" ],\r\n  \"icon\" : [ \"#\" ],\r\n  \"visible\" : [ \"1\" ]\r\n}','{\r\n  \"msg\" : \"æ“ä½œæˆåŠŸ\",\r\n  \"code\" : 0\r\n}',0,NULL,'2020-07-15 09:26:52'),(120,'èœå•ç®¡ç†',2,'com.ruoyi.web.controller.system.SysMenuController.editSave()','POST',1,'admin','ç ”å‘éƒ¨é—¨','/system/menu/edit','127.0.0.1','å†…ç½‘IP','{\r\n  \"menuId\" : [ \"104\" ],\r\n  \"parentId\" : [ \"1\" ],\r\n  \"menuType\" : [ \"C\" ],\r\n  \"menuName\" : [ \"å²—ä½ç®¡ç†\" ],\r\n  \"url\" : [ \"/system/post\" ],\r\n  \"target\" : [ \"menuItem\" ],\r\n  \"perms\" : [ \"system:post:view\" ],\r\n  \"orderNum\" : [ \"5\" ],\r\n  \"icon\" : [ \"#\" ],\r\n  \"visible\" : [ \"1\" ]\r\n}','{\r\n  \"msg\" : \"æ“ä½œæˆåŠŸ\",\r\n  \"code\" : 0\r\n}',0,NULL,'2020-07-15 09:26:59'),(121,'èœå•ç®¡ç†',2,'com.ruoyi.web.controller.system.SysMenuController.editSave()','POST',1,'admin','ç ”å‘éƒ¨é—¨','/system/menu/edit','127.0.0.1','å†…ç½‘IP','{\r\n  \"menuId\" : [ \"102\" ],\r\n  \"parentId\" : [ \"1\" ],\r\n  \"menuType\" : [ \"C\" ],\r\n  \"menuName\" : [ \"èœå•ç®¡ç†\" ],\r\n  \"url\" : [ \"/system/menu\" ],\r\n  \"target\" : [ \"menuItem\" ],\r\n  \"perms\" : [ \"system:menu:view\" ],\r\n  \"orderNum\" : [ \"3\" ],\r\n  \"icon\" : [ \"#\" ],\r\n  \"visible\" : [ \"1\" ]\r\n}','{\r\n  \"msg\" : \"æ“ä½œæˆåŠŸ\",\r\n  \"code\" : 0\r\n}',0,NULL,'2020-07-15 09:27:16'),(122,'è§’è‰²ç®¡ç†',3,'com.ruoyi.web.controller.system.SysRoleController.remove()','POST',1,'admin','ç ”å‘éƒ¨é—¨','/system/role/remove','127.0.0.1','å†…ç½‘IP','{\r\n  \"ids\" : [ \"100\" ]\r\n}','{\r\n  \"msg\" : \"syså·²åˆ†é…,ä¸èƒ½åˆ é™¤\",\r\n  \"code\" : 500\r\n}',0,NULL,'2020-07-15 11:54:26'),(123,'è§’è‰²ç®¡ç†',4,'com.ruoyi.web.controller.system.SysRoleController.cancelAuthUser()','POST',1,'admin','ç ”å‘éƒ¨é—¨','/system/role/authUser/cancel','127.0.0.1','å†…ç½‘IP','{\r\n  \"roleId\" : [ \"100\" ],\r\n  \"userId\" : [ \"100\" ]\r\n}','{\r\n  \"msg\" : \"æ“ä½œæˆåŠŸ\",\r\n  \"code\" : 0\r\n}',0,NULL,'2020-07-15 11:54:33'),(124,'è§’è‰²ç®¡ç†',3,'com.ruoyi.web.controller.system.SysRoleController.remove()','POST',1,'admin','ç ”å‘éƒ¨é—¨','/system/role/remove','127.0.0.1','å†…ç½‘IP','{\r\n  \"ids\" : [ \"100\" ]\r\n}','{\r\n  \"msg\" : \"æ“ä½œæˆåŠŸ\",\r\n  \"code\" : 0\r\n}',0,NULL,'2020-07-15 11:54:38'),(125,'éƒ¨é—¨ç®¡ç†',3,'com.ruoyi.web.controller.system.SysDeptController.remove()','GET',1,'admin','ç ”å‘éƒ¨é—¨','/system/dept/remove/102','127.0.0.1','å†…ç½‘IP','{ }','{\r\n  \"msg\" : \"å­˜åœ¨ä¸‹çº§éƒ¨é—¨,ä¸å…è®¸åˆ é™¤\",\r\n  \"code\" : 301\r\n}',0,NULL,'2020-07-15 11:54:54'),(126,'éƒ¨é—¨ç®¡ç†',2,'com.ruoyi.web.controller.system.SysDeptController.editSave()','POST',1,'admin','ç ”å‘éƒ¨é—¨','/system/dept/edit','127.0.0.1','å†…ç½‘IP','{\r\n  \"deptId\" : [ \"108\" ],\r\n  \"parentId\" : [ \"102\" ],\r\n  \"parentName\" : [ \"é•¿æ²™åˆ†å…¬å¸\" ],\r\n  \"deptName\" : [ \"å¸‚åœºéƒ¨é—¨\" ],\r\n  \"orderNum\" : [ \"1\" ],\r\n  \"leader\" : [ \"è‹¥ä¾\" ],\r\n  \"phone\" : [ \"15888888888\" ],\r\n  \"email\" : [ \"ry@qq.com\" ],\r\n  \"status\" : [ \"1\" ]\r\n}','{\r\n  \"msg\" : \"æ“ä½œæˆåŠŸ\",\r\n  \"code\" : 0\r\n}',0,NULL,'2020-07-15 11:55:02'),(127,'éƒ¨é—¨ç®¡ç†',3,'com.ruoyi.web.controller.system.SysDeptController.remove()','GET',1,'admin','ç ”å‘éƒ¨é—¨','/system/dept/remove/108','127.0.0.1','å†…ç½‘IP','{ }','{\r\n  \"msg\" : \"éƒ¨é—¨å­˜åœ¨ç”¨æˆ·,ä¸å…è®¸åˆ é™¤\",\r\n  \"code\" : 301\r\n}',0,NULL,'2020-07-15 11:55:06'),(128,'éƒ¨é—¨ç®¡ç†',3,'com.ruoyi.web.controller.system.SysDeptController.remove()','GET',1,'admin','ç ”å‘éƒ¨é—¨','/system/dept/remove/109','127.0.0.1','å†…ç½‘IP','{ }','{\r\n  \"msg\" : \"æ“ä½œæˆåŠŸ\",\r\n  \"code\" : 0\r\n}',0,NULL,'2020-07-15 11:58:05'),(129,'éƒ¨é—¨ç®¡ç†',2,'com.ruoyi.web.controller.system.SysDeptController.editSave()','POST',1,'admin','ç ”å‘éƒ¨é—¨','/system/dept/edit','127.0.0.1','å†…ç½‘IP','{\r\n  \"deptId\" : [ \"108\" ],\r\n  \"parentId\" : [ \"102\" ],\r\n  \"parentName\" : [ \"é•¿æ²™åˆ†å…¬å¸\" ],\r\n  \"deptName\" : [ \"å¸‚åœºéƒ¨é—¨\" ],\r\n  \"orderNum\" : [ \"1\" ],\r\n  \"leader\" : [ \"è‹¥ä¾\" ],\r\n  \"phone\" : [ \"15888888888\" ],\r\n  \"email\" : [ \"ry@qq.com\" ],\r\n  \"status\" : [ \"0\" ]\r\n}','{\r\n  \"msg\" : \"æ“ä½œæˆåŠŸ\",\r\n  \"code\" : 0\r\n}',0,NULL,'2020-07-15 11:58:23'),(130,'ç”¨æˆ·ç®¡ç†',2,'com.ruoyi.web.controller.system.SysUserController.editSave()','POST',1,'admin','ç ”å‘éƒ¨é—¨','/system/user/edit','127.0.0.1','å†…ç½‘IP','{\r\n  \"userId\" : [ \"100\" ],\r\n  \"deptId\" : [ \"108\" ],\r\n  \"userName\" : [ \"æ™®é€šç®¡ç†å‘˜\" ],\r\n  \"dept.deptName\" : [ \"å¸‚åœºéƒ¨é—¨\" ],\r\n  \"phonenumber\" : [ \"14755164307\" ],\r\n  \"email\" : [ \"978258922@qq.com\" ],\r\n  \"loginName\" : [ \"sys\" ],\r\n  \"sex\" : [ \"0\" ],\r\n  \"remark\" : [ \"\" ],\r\n  \"status\" : [ \"0\" ],\r\n  \"roleIds\" : [ \"\" ],\r\n  \"postIds\" : [ \"4\" ]\r\n}','{\r\n  \"msg\" : \"æ“ä½œæˆåŠŸ\",\r\n  \"code\" : 0\r\n}',0,NULL,'2020-07-15 11:58:33'),(131,'ç”¨æˆ·ç®¡ç†',3,'com.ruoyi.web.controller.system.SysUserController.remove()','POST',1,'admin','ç ”å‘éƒ¨é—¨','/system/user/remove','127.0.0.1','å†…ç½‘IP','{\r\n  \"ids\" : [ \"100\" ]\r\n}','{\r\n  \"msg\" : \"æ“ä½œæˆåŠŸ\",\r\n  \"code\" : 0\r\n}',0,NULL,'2020-07-15 11:58:38'),(132,'éƒ¨é—¨ç®¡ç†',3,'com.ruoyi.web.controller.system.SysDeptController.remove()','GET',1,'admin','ç ”å‘éƒ¨é—¨','/system/dept/remove/108','127.0.0.1','å†…ç½‘IP','{ }','{\r\n  \"msg\" : \"æ“ä½œæˆåŠŸ\",\r\n  \"code\" : 0\r\n}',0,NULL,'2020-07-15 11:58:43'),(133,'éƒ¨é—¨ç®¡ç†',3,'com.ruoyi.web.controller.system.SysDeptController.remove()','GET',1,'admin','ç ”å‘éƒ¨é—¨','/system/dept/remove/102','127.0.0.1','å†…ç½‘IP','{ }','{\r\n  \"msg\" : \"æ“ä½œæˆåŠŸ\",\r\n  \"code\" : 0\r\n}',0,NULL,'2020-07-15 11:58:46'),(134,'éƒ¨é—¨ç®¡ç†',3,'com.ruoyi.web.controller.system.SysDeptController.remove()','GET',1,'admin','ç ”å‘éƒ¨é—¨','/system/dept/remove/104','127.0.0.1','å†…ç½‘IP','{ }','{\r\n  \"msg\" : \"æ“ä½œæˆåŠŸ\",\r\n  \"code\" : 0\r\n}',0,NULL,'2020-07-15 11:59:02'),(135,'éƒ¨é—¨ç®¡ç†',3,'com.ruoyi.web.controller.system.SysDeptController.remove()','GET',1,'admin','ç ”å‘éƒ¨é—¨','/system/dept/remove/106','127.0.0.1','å†…ç½‘IP','{ }','{\r\n  \"msg\" : \"æ“ä½œæˆåŠŸ\",\r\n  \"code\" : 0\r\n}',0,NULL,'2020-07-15 11:59:05'),(136,'éƒ¨é—¨ç®¡ç†',3,'com.ruoyi.web.controller.system.SysDeptController.remove()','GET',1,'admin','ç ”å‘éƒ¨é—¨','/system/dept/remove/107','127.0.0.1','å†…ç½‘IP','{ }','{\r\n  \"msg\" : \"æ“ä½œæˆåŠŸ\",\r\n  \"code\" : 0\r\n}',0,NULL,'2020-07-15 11:59:07'),(137,'éƒ¨é—¨ç®¡ç†',2,'com.ruoyi.web.controller.system.SysDeptController.editSave()','POST',1,'admin','ç ”å‘éƒ¨é—¨','/system/dept/edit','127.0.0.1','å†…ç½‘IP','{\r\n  \"deptId\" : [ \"101\" ],\r\n  \"parentId\" : [ \"100\" ],\r\n  \"parentName\" : [ \"åˆ›æ–°å…¬å¸\" ],\r\n  \"deptName\" : [ \"åˆè‚¥åˆ†å…¬å¸\" ],\r\n  \"orderNum\" : [ \"1\" ],\r\n  \"leader\" : [ \"\" ],\r\n  \"phone\" : [ \"\" ],\r\n  \"email\" : [ \"\" ],\r\n  \"status\" : [ \"0\" ]\r\n}','{\r\n  \"msg\" : \"æ“ä½œæˆåŠŸ\",\r\n  \"code\" : 0\r\n}',0,NULL,'2020-07-15 11:59:45'),(138,'éƒ¨é—¨ç®¡ç†',2,'com.ruoyi.web.controller.system.SysDeptController.editSave()','POST',1,'admin','ç ”å‘éƒ¨é—¨','/system/dept/edit','127.0.0.1','å†…ç½‘IP','{\r\n  \"deptId\" : [ \"103\" ],\r\n  \"parentId\" : [ \"101\" ],\r\n  \"parentName\" : [ \"åˆè‚¥åˆ†å…¬å¸\" ],\r\n  \"deptName\" : [ \"ç ”å‘éƒ¨é—¨\" ],\r\n  \"orderNum\" : [ \"1\" ],\r\n  \"leader\" : [ \"\" ],\r\n  \"phone\" : [ \"\" ],\r\n  \"email\" : [ \"\" ],\r\n  \"status\" : [ \"0\" ]\r\n}','{\r\n  \"msg\" : \"æ“ä½œæˆåŠŸ\",\r\n  \"code\" : 0\r\n}',0,NULL,'2020-07-15 11:59:56'),(139,'éƒ¨é—¨ç®¡ç†',2,'com.ruoyi.web.controller.system.SysDeptController.editSave()','POST',1,'admin','ç ”å‘éƒ¨é—¨','/system/dept/edit','127.0.0.1','å†…ç½‘IP','{\r\n  \"deptId\" : [ \"105\" ],\r\n  \"parentId\" : [ \"101\" ],\r\n  \"parentName\" : [ \"åˆè‚¥åˆ†å…¬å¸\" ],\r\n  \"deptName\" : [ \"æµ‹è¯•éƒ¨é—¨\" ],\r\n  \"orderNum\" : [ \"3\" ],\r\n  \"leader\" : [ \"\" ],\r\n  \"phone\" : [ \"\" ],\r\n  \"email\" : [ \"\" ],\r\n  \"status\" : [ \"0\" ]\r\n}','{\r\n  \"msg\" : \"æ“ä½œæˆåŠŸ\",\r\n  \"code\" : 0\r\n}',0,NULL,'2020-07-15 12:00:03'),(140,'ä»£ç ç”Ÿæˆ',8,'com.ruoyi.generator.controller.GenController.batchGenCode()','GET',1,'admin','ç ”å‘éƒ¨é—¨','/tool/gen/batchGenCode','127.0.0.1','å†…ç½‘IP','{\r\n  \"tables\" : [ \"sys_test\" ]\r\n}','null',0,NULL,'2020-07-15 12:01:15'),(141,'ä»£ç ç”Ÿæˆ',6,'com.ruoyi.generator.controller.GenController.importTableSave()','POST',1,'admin','ç ”å‘éƒ¨é—¨','/tool/gen/importTable','127.0.0.1','å†…ç½‘IP','{\r\n  \"tables\" : [ \"sys_oper_log\" ]\r\n}','{\r\n  \"msg\" : \"æ“ä½œæˆåŠŸ\",\r\n  \"code\" : 0\r\n}',0,NULL,'2020-07-15 12:01:49'),(142,'ä»£ç ç”Ÿæˆ',3,'com.ruoyi.generator.controller.GenController.remove()','POST',1,'admin','ç ”å‘éƒ¨é—¨','/tool/gen/remove','127.0.0.1','å†…ç½‘IP','{\r\n  \"ids\" : [ \"2\" ]\r\n}','{\r\n  \"msg\" : \"æ“ä½œæˆåŠŸ\",\r\n  \"code\" : 0\r\n}',0,NULL,'2020-07-15 12:01:59'),(143,'ä»£ç ç”Ÿæˆ',3,'com.ruoyi.generator.controller.GenController.remove()','POST',1,'admin','ç ”å‘éƒ¨é—¨','/tool/gen/remove','127.0.0.1','å†…ç½‘IP','{\r\n  \"ids\" : [ \"3\" ]\r\n}','{\r\n  \"msg\" : \"æ“ä½œæˆåŠŸ\",\r\n  \"code\" : 0\r\n}',0,NULL,'2020-07-15 12:02:01'),(144,'ä»£ç ç”Ÿæˆ',6,'com.ruoyi.generator.controller.GenController.importTableSave()','POST',1,'admin','ç ”å‘éƒ¨é—¨','/tool/gen/importTable','127.0.0.1','å†…ç½‘IP','{\r\n  \"tables\" : [ \"sys_notice\" ]\r\n}','{\r\n  \"msg\" : \"æ“ä½œæˆåŠŸ\",\r\n  \"code\" : 0\r\n}',0,NULL,'2020-07-15 12:02:08'),(145,'ä»£ç ç”Ÿæˆ',8,'com.ruoyi.generator.controller.GenController.download()','GET',1,'admin','ç ”å‘éƒ¨é—¨','/tool/gen/download/sys_notice','127.0.0.1','å†…ç½‘IP','{ }','null',0,NULL,'2020-07-15 12:02:32'),(146,'ä¸ªäººä¿¡æ¯',2,'com.ruoyi.web.controller.system.SysProfileController.update()','POST',1,'admin','ç ”å‘éƒ¨é—¨','/system/user/profile/update','127.0.0.1','å†…ç½‘IP','{\r\n  \"id\" : [ \"\" ],\r\n  \"userName\" : [ \"ç®¡ç†å‘˜\" ],\r\n  \"phonenumber\" : [ \"15212425895\" ],\r\n  \"email\" : [ \"978253922@qq.com\" ],\r\n  \"sex\" : [ \"1\" ]\r\n}','{\r\n  \"msg\" : \"æ“ä½œæˆåŠŸ\",\r\n  \"code\" : 0\r\n}',0,NULL,'2020-07-15 13:07:41'),(147,'ä»£ç ç”Ÿæˆ',8,'com.ruoyi.generator.controller.GenController.batchGenCode()','GET',1,'admin','ç ”å‘éƒ¨é—¨','/tool/gen/batchGenCode','127.0.0.1','å†…ç½‘IP','{\r\n  \"tables\" : [ \"sys_notice\" ]\r\n}','null',0,NULL,'2020-07-15 13:58:17'),(148,'ç”¨æˆ·ç®¡ç†',1,'com.ruoyi.web.controller.system.SysUserController.addSave()','POST',1,'admin','ç ”å‘éƒ¨é—¨','/system/user/add','127.0.0.1','å†…ç½‘IP','{\r\n  \"deptId\" : [ \"103\" ],\r\n  \"userName\" : [ \"æµ‹è¯•ç®¡ç†å‘˜\" ],\r\n  \"deptName\" : [ \"ç ”å‘éƒ¨é—¨\" ],\r\n  \"phonenumber\" : [ \"15224589657\" ],\r\n  \"email\" : [ \"972258922@qq.com\" ],\r\n  \"loginName\" : [ \"ceshi\" ],\r\n  \"password\" : [ \"123456\" ],\r\n  \"sex\" : [ \"1\" ],\r\n  \"role\" : [ \"2\" ],\r\n  \"remark\" : [ \"\" ],\r\n  \"status\" : [ \"0\" ],\r\n  \"roleIds\" : [ \"2\" ],\r\n  \"postIds\" : [ \"2\" ]\r\n}','{\r\n  \"msg\" : \"æ“ä½œæˆåŠŸ\",\r\n  \"code\" : 0\r\n}',0,NULL,'2020-07-15 13:59:20'),(149,'è§’è‰²ç®¡ç†',2,'com.ruoyi.web.controller.system.SysRoleController.editSave()','POST',1,'admin','ç ”å‘éƒ¨é—¨','/system/role/edit','127.0.0.1','å†…ç½‘IP','{\r\n  \"roleId\" : [ \"2\" ],\r\n  \"roleName\" : [ \"æ™®é€šè§’è‰²\" ],\r\n  \"roleKey\" : [ \"common\" ],\r\n  \"roleSort\" : [ \"2\" ],\r\n  \"status\" : [ \"0\" ],\r\n  \"remark\" : [ \"æ™®é€šè§’è‰²\" ],\r\n  \"menuIds\" : [ \"1,100,1000,1001,1002,1003,1004,1005,1006,3,114,1057,1060,1061\" ]\r\n}','{\r\n  \"msg\" : \"æ“ä½œæˆåŠŸ\",\r\n  \"code\" : 0\r\n}',0,NULL,'2020-07-15 13:59:43'),(150,'ç”¨æˆ·ç®¡ç†',2,'com.ruoyi.web.controller.system.SysUserController.editSave()','POST',1,'admin','ç ”å‘éƒ¨é—¨','/system/user/edit','127.0.0.1','å†…ç½‘IP','{\r\n  \"userId\" : [ \"101\" ],\r\n  \"deptId\" : [ \"105\" ],\r\n  \"userName\" : [ \"æµ‹è¯•ç®¡ç†å‘˜\" ],\r\n  \"dept.deptName\" : [ \"æµ‹è¯•éƒ¨é—¨\" ],\r\n  \"phonenumber\" : [ \"15224589657\" ],\r\n  \"email\" : [ \"972258922@qq.com\" ],\r\n  \"loginName\" : [ \"ceshi\" ],\r\n  \"sex\" : [ \"1\" ],\r\n  \"role\" : [ \"2\" ],\r\n  \"remark\" : [ \"\" ],\r\n  \"status\" : [ \"0\" ],\r\n  \"roleIds\" : [ \"2\" ],\r\n  \"postIds\" : [ \"2\" ]\r\n}','{\r\n  \"msg\" : \"æ“ä½œæˆåŠŸ\",\r\n  \"code\" : 0\r\n}',0,NULL,'2020-07-15 14:21:49'),(151,'é‡ç½®å¯†ç ',2,'com.ruoyi.web.controller.system.SysUserController.resetPwd()','GET',1,'admin','ç ”å‘éƒ¨é—¨','/system/user/resetPwd/101','127.0.0.1','å†…ç½‘IP','{ }','\"system/user/resetPwd\"',0,NULL,'2020-07-15 14:22:40'),(152,'ç”¨æˆ·ç®¡ç†',3,'com.ruoyi.web.controller.system.SysUserController.remove()','POST',1,'admin','ç ”å‘éƒ¨é—¨','/system/user/remove','127.0.0.1','å†…ç½‘IP','{\r\n  \"ids\" : [ \"101\" ]\r\n}','{\r\n  \"msg\" : \"æ“ä½œæˆåŠŸ\",\r\n  \"code\" : 0\r\n}',0,NULL,'2020-07-15 14:22:48'),(153,'ä»£ç ç”Ÿæˆ',8,'com.ruoyi.generator.controller.GenController.batchGenCode()','GET',1,'admin','ç ”å‘éƒ¨é—¨','/tool/gen/batchGenCode','127.0.0.1','å†…ç½‘IP','{\r\n  \"tables\" : [ \"sys_notice\" ]\r\n}','null',0,NULL,'2020-07-15 14:23:41'),(154,'ä»£ç ç”Ÿæˆ',8,'com.ruoyi.generator.controller.GenController.batchGenCode()','GET',1,'admin','ç ”å‘éƒ¨é—¨','/tool/gen/batchGenCode','127.0.0.1','å†…ç½‘IP','{\r\n  \"tables\" : [ \"sys_notice,sys_oper_log\" ]\r\n}','null',0,NULL,'2020-07-15 14:27:02'),(155,'ä»£ç ç”Ÿæˆ',6,'com.ruoyi.generator.controller.GenController.importTableSave()','POST',1,'admin','ç ”å‘éƒ¨é—¨','/tool/gen/importTable','127.0.0.1','å†…ç½‘IP','{\r\n  \"tables\" : [ \"sys_job_log\" ]\r\n}','{\r\n  \"msg\" : \"æ“ä½œæˆåŠŸ\",\r\n  \"code\" : 0\r\n}',0,NULL,'2020-07-15 14:29:31'),(156,'éƒ¨é—¨ç®¡ç†',1,'com.ruoyi.web.controller.system.SysDeptController.addSave()','POST',1,'admin','ç ”å‘éƒ¨é—¨','/system/dept/add','127.0.0.1','å†…ç½‘IP','{\r\n  \"parentId\" : [ \"101\" ],\r\n  \"deptName\" : [ \"åå‹¤éƒ¨é—¨\" ],\r\n  \"orderNum\" : [ \"3\" ],\r\n  \"leader\" : [ \"\" ],\r\n  \"phone\" : [ \"\" ],\r\n  \"email\" : [ \"\" ],\r\n  \"status\" : [ \"0\" ]\r\n}','{\r\n  \"msg\" : \"æ“ä½œæˆåŠŸ\",\r\n  \"code\" : 0\r\n}',0,NULL,'2020-07-15 14:30:19'),(157,'ç”¨æˆ·ç®¡ç†',1,'com.ruoyi.web.controller.system.SysUserController.addSave()','POST',1,'admin','ç ”å‘éƒ¨é—¨','/system/user/add','127.0.0.1','å†…ç½‘IP','{\r\n  \"deptId\" : [ \"200\" ],\r\n  \"userName\" : [ \"åå‹¤éƒ¨æµ‹è¯•\" ],\r\n  \"deptName\" : [ \"åå‹¤éƒ¨é—¨\" ],\r\n  \"phonenumber\" : [ \"15896325478\" ],\r\n  \"email\" : [ \"9782258922@qq.com\" ],\r\n  \"loginName\" : [ \"ceshi_houqin\" ],\r\n  \"password\" : [ \"123456\" ],\r\n  \"sex\" : [ \"0\" ],\r\n  \"role\" : [ \"2\" ],\r\n  \"remark\" : [ \"\" ],\r\n  \"status\" : [ \"0\" ],\r\n  \"roleIds\" : [ \"2\" ],\r\n  \"postIds\" : [ \"3\" ]\r\n}','{\r\n  \"msg\" : \"æ“ä½œæˆåŠŸ\",\r\n  \"code\" : 0\r\n}',0,NULL,'2020-07-15 14:31:14'),(158,'è§’è‰²ç®¡ç†',2,'com.ruoyi.web.controller.system.SysRoleController.authDataScopeSave()','POST',1,'admin','ç ”å‘éƒ¨é—¨','/system/role/authDataScope','127.0.0.1','å†…ç½‘IP','{\r\n  \"roleId\" : [ \"2\" ],\r\n  \"roleName\" : [ \"æ™®é€šè§’è‰²\" ],\r\n  \"roleKey\" : [ \"common\" ],\r\n  \"dataScope\" : [ \"2\" ],\r\n  \"deptIds\" : [ \"100,101,103,105,200\" ]\r\n}','{\r\n  \"msg\" : \"æ“ä½œæˆåŠŸ\",\r\n  \"code\" : 0\r\n}',0,NULL,'2020-07-15 14:35:47'),(159,'è§’è‰²ç®¡ç†',2,'com.ruoyi.web.controller.system.SysRoleController.authDataScopeSave()','POST',1,'admin','ç ”å‘éƒ¨é—¨','/system/role/authDataScope','127.0.0.1','å†…ç½‘IP','{\r\n  \"roleId\" : [ \"2\" ],\r\n  \"roleName\" : [ \"æ™®é€šè§’è‰²\" ],\r\n  \"roleKey\" : [ \"common\" ],\r\n  \"dataScope\" : [ \"4\" ],\r\n  \"deptIds\" : [ \"\" ]\r\n}','{\r\n  \"msg\" : \"æ“ä½œæˆåŠŸ\",\r\n  \"code\" : 0\r\n}',0,NULL,'2020-07-15 14:37:00'),(160,'ç”¨æˆ·ç®¡ç†',2,'com.ruoyi.web.controller.system.SysUserController.editSave()','POST',1,'admin','ç ”å‘éƒ¨é—¨','/system/user/edit','127.0.0.1','å†…ç½‘IP','{\r\n  \"userId\" : [ \"102\" ],\r\n  \"deptId\" : [ \"200\" ],\r\n  \"userName\" : [ \"åå‹¤éƒ¨æµ‹è¯•\" ],\r\n  \"dept.deptName\" : [ \"åå‹¤éƒ¨é—¨\" ],\r\n  \"phonenumber\" : [ \"15896325478\" ],\r\n  \"email\" : [ \"9782258922@qq.com\" ],\r\n  \"loginName\" : [ \"ceshi_houqin\" ],\r\n  \"sex\" : [ \"0\" ],\r\n  \"remark\" : [ \"\" ],\r\n  \"status\" : [ \"0\" ],\r\n  \"roleIds\" : [ \"\" ],\r\n  \"postIds\" : [ \"\" ]\r\n}','{\r\n  \"msg\" : \"æ“ä½œæˆåŠŸ\",\r\n  \"code\" : 0\r\n}',0,NULL,'2020-07-15 14:40:34'),(161,'ä»£ç ç”Ÿæˆ',8,'com.ruoyi.generator.controller.GenController.batchGenCode()','GET',1,'admin','ç ”å‘éƒ¨é—¨','/tool/gen/batchGenCode','127.0.0.1','å†…ç½‘IP','{\r\n  \"tables\" : [ \"sys_job_log,sys_notice,sys_oper_log\" ]\r\n}','null',0,NULL,'2020-07-15 14:45:18'),(162,'ä»£ç ç”Ÿæˆ',8,'com.ruoyi.generator.controller.GenController.download()','GET',1,'admin','ç ”å‘éƒ¨é—¨','/tool/gen/download/sys_job_log','127.0.0.1','å†…ç½‘IP','{ }','null',0,NULL,'2020-07-15 14:45:53'),(163,'ä»£ç ç”Ÿæˆ',3,'com.ruoyi.generator.controller.GenController.remove()','POST',1,'admin','ç ”å‘éƒ¨é—¨','/tool/gen/remove','127.0.0.1','å†…ç½‘IP','{\r\n  \"ids\" : [ \"6\" ]\r\n}','{\r\n  \"msg\" : \"æ“ä½œæˆåŠŸ\",\r\n  \"code\" : 0\r\n}',0,NULL,'2020-07-15 14:45:59'),(164,'ä»£ç ç”Ÿæˆ',8,'com.ruoyi.generator.controller.GenController.batchGenCode()','GET',1,'admin','ç ”å‘éƒ¨é—¨','/tool/gen/batchGenCode','127.0.0.1','å†…ç½‘IP','{\r\n  \"tables\" : [ \"sys_notice,sys_oper_log\" ]\r\n}','null',0,NULL,'2020-07-15 14:49:34'),(165,'éƒ¨é—¨ç®¡ç†',1,'com.ruoyi.web.controller.system.SysDeptController.addSave()','POST',1,'admin','ç ”å‘éƒ¨é—¨','/system/dept/add','127.0.0.1','å†…ç½‘IP','{\r\n  \"parentId\" : [ \"101\" ],\r\n  \"deptName\" : [ \"å½±è§†éƒ¨\" ],\r\n  \"orderNum\" : [ \"4\" ],\r\n  \"leader\" : [ \"\" ],\r\n  \"phone\" : [ \"\" ],\r\n  \"email\" : [ \"\" ],\r\n  \"status\" : [ \"0\" ]\r\n}','{\r\n  \"msg\" : \"æ“ä½œæˆåŠŸ\",\r\n  \"code\" : 0\r\n}',0,NULL,'2020-07-15 14:52:32'),(166,'ç”¨æˆ·ç®¡ç†',1,'com.ruoyi.web.controller.system.SysUserController.addSave()','POST',1,'admin','ç ”å‘éƒ¨é—¨','/system/user/add','127.0.0.1','å†…ç½‘IP','{\r\n  \"deptId\" : [ \"201\" ],\r\n  \"userName\" : [ \"å½±è§†éƒ¨ç®¡ç†å‘˜\" ],\r\n  \"deptName\" : [ \"å½±è§†éƒ¨\" ],\r\n  \"phonenumber\" : [ \"15236587495\" ],\r\n  \"email\" : [ \"9722253922@qq.com\" ],\r\n  \"loginName\" : [ \"ysadmin\" ],\r\n  \"password\" : [ \"123456\" ],\r\n  \"sex\" : [ \"0\" ],\r\n  \"role\" : [ \"2\" ],\r\n  \"remark\" : [ \"\" ],\r\n  \"status\" : [ \"0\" ],\r\n  \"roleIds\" : [ \"2\" ],\r\n  \"postIds\" : [ \"\" ]\r\n}','{\r\n  \"msg\" : \"æ“ä½œæˆåŠŸ\",\r\n  \"code\" : 0\r\n}',0,NULL,'2020-07-15 14:53:16'),(167,'éƒ¨é—¨ç®¡ç†',3,'com.ruoyi.web.controller.system.SysDeptController.remove()','GET',1,'admin','ç ”å‘éƒ¨é—¨','/system/dept/remove/201','127.0.0.1','å†…ç½‘IP','{ }','{\r\n  \"msg\" : \"éƒ¨é—¨å­˜åœ¨ç”¨æˆ·,ä¸å…è®¸åˆ é™¤\",\r\n  \"code\" : 301\r\n}',0,NULL,'2020-07-15 14:59:26'),(168,'ç”¨æˆ·ç®¡ç†',3,'com.ruoyi.web.controller.system.SysUserController.remove()','POST',1,'admin','ç ”å‘éƒ¨é—¨','/system/user/remove','127.0.0.1','å†…ç½‘IP','{\r\n  \"ids\" : [ \"103\" ]\r\n}','{\r\n  \"msg\" : \"æ“ä½œæˆåŠŸ\",\r\n  \"code\" : 0\r\n}',0,NULL,'2020-07-15 14:59:35'),(169,'ç”¨æˆ·ç®¡ç†',3,'com.ruoyi.web.controller.system.SysUserController.remove()','POST',1,'admin','ç ”å‘éƒ¨é—¨','/system/user/remove','127.0.0.1','å†…ç½‘IP','{\r\n  \"ids\" : [ \"102\" ]\r\n}','{\r\n  \"msg\" : \"æ“ä½œæˆåŠŸ\",\r\n  \"code\" : 0\r\n}',0,NULL,'2020-07-15 14:59:38'),(170,'éƒ¨é—¨ç®¡ç†',3,'com.ruoyi.web.controller.system.SysDeptController.remove()','GET',1,'admin','ç ”å‘éƒ¨é—¨','/system/dept/remove/201','127.0.0.1','å†…ç½‘IP','{ }','{\r\n  \"msg\" : \"æ“ä½œæˆåŠŸ\",\r\n  \"code\" : 0\r\n}',0,NULL,'2020-07-15 14:59:42'),(171,'éƒ¨é—¨ç®¡ç†',3,'com.ruoyi.web.controller.system.SysDeptController.remove()','GET',1,'admin','ç ”å‘éƒ¨é—¨','/system/dept/remove/200','127.0.0.1','å†…ç½‘IP','{ }','{\r\n  \"msg\" : \"æ“ä½œæˆåŠŸ\",\r\n  \"code\" : 0\r\n}',0,NULL,'2020-07-15 14:59:44'),(172,'ä»£ç ç”Ÿæˆ',8,'com.ruoyi.generator.controller.GenController.batchGenCode()','GET',1,'admin','ç ”å‘éƒ¨é—¨','/tool/gen/batchGenCode','127.0.0.1','å†…ç½‘IP','{\r\n  \"tables\" : [ \"sys_notice,sys_oper_log\" ]\r\n}','null',0,NULL,'2020-07-15 15:01:05'),(173,'éƒ¨é—¨ç®¡ç†',1,'com.ruoyi.web.controller.system.SysDeptController.addSave()','POST',1,'admin','ç ”å‘éƒ¨é—¨','/system/dept/add','127.0.0.1','å†…ç½‘IP','{\r\n  \"parentId\" : [ \"101\" ],\r\n  \"deptName\" : [ \"å½±è§†éƒ¨\" ],\r\n  \"orderNum\" : [ \"3\" ],\r\n  \"leader\" : [ \"\" ],\r\n  \"phone\" : [ \"\" ],\r\n  \"email\" : [ \"\" ],\r\n  \"status\" : [ \"0\" ]\r\n}','{\r\n  \"msg\" : \"æ“ä½œæˆåŠŸ\",\r\n  \"code\" : 0\r\n}',0,NULL,'2020-07-15 15:03:28'),(174,'ç”¨æˆ·ç®¡ç†',1,'com.ruoyi.web.controller.system.SysUserController.addSave()','POST',1,'admin','ç ”å‘éƒ¨é—¨','/system/user/add','127.0.0.1','å†…ç½‘IP','{\r\n  \"deptId\" : [ \"202\" ],\r\n  \"userName\" : [ \"å½±è§†éƒ¨ç®¡ç†å‘˜\" ],\r\n  \"deptName\" : [ \"å½±è§†éƒ¨\" ],\r\n  \"phonenumber\" : [ \"15212425892\" ],\r\n  \"email\" : [ \"97825332@qq.com\" ],\r\n  \"loginName\" : [ \"ysadmin\" ],\r\n  \"password\" : [ \"123456\" ],\r\n  \"sex\" : [ \"0\" ],\r\n  \"role\" : [ \"2\" ],\r\n  \"remark\" : [ \"\" ],\r\n  \"status\" : [ \"0\" ],\r\n  \"roleIds\" : [ \"2\" ],\r\n  \"postIds\" : [ \"\" ]\r\n}','{\r\n  \"msg\" : \"æ“ä½œæˆåŠŸ\",\r\n  \"code\" : 0\r\n}',0,NULL,'2020-07-15 15:04:06'),(175,'ä»£ç ç”Ÿæˆ',6,'com.ruoyi.generator.controller.GenController.importTableSave()','POST',1,'admin','ç ”å‘éƒ¨é—¨','/tool/gen/importTable','5.151.38.32','XX XX','{\r\n  \"tables\" : [ \"sys_user_post\" ]\r\n}','{\r\n  \"msg\" : \"æ“ä½œæˆåŠŸ\",\r\n  \"code\" : 0\r\n}',0,NULL,'2020-07-16 16:15:39'),(176,'ä»£ç ç”Ÿæˆ',3,'com.ruoyi.generator.controller.GenController.remove()','POST',1,'admin','ç ”å‘éƒ¨é—¨','/tool/gen/remove','5.151.38.32','XX XX','{\r\n  \"ids\" : [ \"7\" ]\r\n}','{\r\n  \"msg\" : \"æ“ä½œæˆåŠŸ\",\r\n  \"code\" : 0\r\n}',0,NULL,'2020-07-16 16:15:55'),(177,'ä»£ç ç”Ÿæˆ',3,'com.ruoyi.generator.controller.GenController.remove()','POST',1,'admin','ç ”å‘éƒ¨é—¨','/tool/gen/remove','5.151.38.32','XX XX','{\r\n  \"ids\" : [ \"5\" ]\r\n}','{\r\n  \"msg\" : \"æ“ä½œæˆåŠŸ\",\r\n  \"code\" : 0\r\n}',0,NULL,'2020-07-16 16:15:57'),(178,'ä»£ç ç”Ÿæˆ',3,'com.ruoyi.generator.controller.GenController.remove()','POST',1,'admin','ç ”å‘éƒ¨é—¨','/tool/gen/remove','5.151.38.32','XX XX','{\r\n  \"ids\" : [ \"4\" ]\r\n}','{\r\n  \"msg\" : \"æ“ä½œæˆåŠŸ\",\r\n  \"code\" : 0\r\n}',0,NULL,'2020-07-16 16:15:59'),(179,'ä»£ç ç”Ÿæˆ',6,'com.ruoyi.generator.controller.GenController.importTableSave()','POST',1,'admin','ç ”å‘éƒ¨é—¨','/tool/gen/importTable','5.151.38.32','XX XX','{\r\n  \"tables\" : [ \"sys_role_dept\" ]\r\n}','{\r\n  \"msg\" : \"æ“ä½œæˆåŠŸ\",\r\n  \"code\" : 0\r\n}',0,NULL,'2020-07-16 16:16:17'),(180,'ä»£ç ç”Ÿæˆ',8,'com.ruoyi.generator.controller.GenController.download()','GET',1,'admin','ç ”å‘éƒ¨é—¨','/tool/gen/download/sys_role_dept','5.151.38.32','XX XX','{ }','null',0,NULL,'2020-07-16 16:16:24'),(181,'ä»£ç ç”Ÿæˆ',3,'com.ruoyi.generator.controller.GenController.remove()','POST',1,'admin','ç ”å‘éƒ¨é—¨','/tool/gen/remove','220.178.0.62','XX XX','{\r\n  \"ids\" : [ \"5\" ]\r\n}','{\r\n  \"msg\" : \"æ“ä½œæˆåŠŸ\",\r\n  \"code\" : 0\r\n}',0,NULL,'2020-07-16 16:19:44'),(182,'ä»£ç ç”Ÿæˆ',6,'com.ruoyi.generator.controller.GenController.importTableSave()','POST',1,'admin','ç ”å‘éƒ¨é—¨','/tool/gen/importTable','220.178.0.62','XX XX','{\r\n  \"tables\" : [ \"sys_notice\" ]\r\n}','{\r\n  \"msg\" : \"æ“ä½œæˆåŠŸ\",\r\n  \"code\" : 0\r\n}',0,NULL,'2020-07-16 16:19:49'),(183,'ä»£ç ç”Ÿæˆ',3,'com.ruoyi.generator.controller.GenController.remove()','POST',1,'admin','ç ”å‘éƒ¨é—¨','/tool/gen/remove','220.178.0.62','XX XX','{\r\n  \"ids\" : [ \"9\" ]\r\n}','{\r\n  \"msg\" : \"æ“ä½œæˆåŠŸ\",\r\n  \"code\" : 0\r\n}',0,NULL,'2020-07-16 16:20:01'),(184,'ä»£ç ç”Ÿæˆ',3,'com.ruoyi.generator.controller.GenController.remove()','POST',1,'admin','ç ”å‘éƒ¨é—¨','/tool/gen/remove','220.178.0.62','XX XX','{\r\n  \"ids\" : [ \"8\" ]\r\n}','{\r\n  \"msg\" : \"æ“ä½œæˆåŠŸ\",\r\n  \"code\" : 0\r\n}',0,NULL,'2020-07-16 16:20:03'),(185,'ä»£ç ç”Ÿæˆ',6,'com.ruoyi.generator.controller.GenController.importTableSave()','POST',1,'admin','ç ”å‘éƒ¨é—¨','/tool/gen/importTable','220.178.0.62','XX XX','{\r\n  \"tables\" : [ \"sys_notice,sys_job_log\" ]\r\n}','{\r\n  \"msg\" : \"æ“ä½œæˆåŠŸ\",\r\n  \"code\" : 0\r\n}',0,NULL,'2020-07-16 16:20:08'),(186,'ä»£ç ç”Ÿæˆ',8,'com.ruoyi.generator.controller.GenController.download()','GET',1,'admin','ç ”å‘éƒ¨é—¨','/tool/gen/download/sys_notice','112.32.66.73','XX XX','{ }','null',0,NULL,'2020-07-16 20:27:27'),(187,'ä»£ç ç”Ÿæˆ',6,'com.ruoyi.generator.controller.GenController.importTableSave()','POST',1,'admin','ç ”å‘éƒ¨é—¨','/tool/gen/importTable','127.0.0.1','å†…ç½‘IP','{\r\n  \"tables\" : [ \"sys_post\" ]\r\n}','{\r\n  \"msg\" : \"æ“ä½œæˆåŠŸ\",\r\n  \"code\" : 0\r\n}',0,NULL,'2020-07-16 20:40:08'),(188,'ä»£ç ç”Ÿæˆ',6,'com.ruoyi.generator.controller.GenController.importTableSave()','POST',1,'admin','ç ”å‘éƒ¨é—¨','/tool/gen/importTable','127.0.0.1','å†…ç½‘IP','{\r\n  \"tables\" : [ \"sys_dept\" ]\r\n}','{\r\n  \"msg\" : \"æ“ä½œæˆåŠŸ\",\r\n  \"code\" : 0\r\n}',0,NULL,'2020-07-16 21:06:43'),(189,'ä»£ç ç”Ÿæˆ',8,'com.Felix.generator.controller.GenController.download()','GET',1,'admin','Development Dept','/tool/gen/download/sys_dept','127.0.0.1','å†…ç½‘IP','{ }','null',0,NULL,'2020-07-20 22:15:40'),(190,'ä»£ç ç”Ÿæˆ',8,'com.Felix.generator.controller.GenController.batchGenCode()','GET',1,'admin','Development Dept','/tool/gen/batchGenCode','127.0.0.1','å†…ç½‘IP','{\r\n  \"tables\" : [ \"sys_dept,sys_post\" ]\r\n}','null',0,NULL,'2020-07-20 22:16:14');

/*Table structure for table `sys_post` */

DROP TABLE IF EXISTS `sys_post`;

CREATE TABLE `sys_post` (
  `post_id` bigint(20) NOT NULL AUTO_INCREMENT COMMENT 'å²—ä½ID',
  `post_code` varchar(64) NOT NULL COMMENT 'å²—ä½ç¼–ç ',
  `post_name` varchar(50) NOT NULL COMMENT 'å²—ä½åç§°',
  `post_sort` int(4) NOT NULL COMMENT 'æ˜¾ç¤ºé¡ºåº',
  `status` char(1) NOT NULL COMMENT 'çŠ¶æ€ï¼ˆ0æ­£å¸¸ 1åœç”¨ï¼‰',
  `create_by` varchar(64) DEFAULT '' COMMENT 'åˆ›å»ºè€…',
  `create_time` datetime DEFAULT NULL COMMENT 'åˆ›å»ºæ—¶é—´',
  `update_by` varchar(64) DEFAULT '' COMMENT 'æ›´æ–°è€…',
  `update_time` datetime DEFAULT NULL COMMENT 'æ›´æ–°æ—¶é—´',
  `remark` varchar(500) DEFAULT NULL COMMENT 'å¤‡æ³¨',
  PRIMARY KEY (`post_id`)
) ENGINE=InnoDB AUTO_INCREMENT=5 DEFAULT CHARSET=utf8 COMMENT='å²—ä½ä¿¡æ¯è¡¨';

/*Data for the table `sys_post` */

insert  into `sys_post`(`post_id`,`post_code`,`post_name`,`post_sort`,`status`,`create_by`,`create_time`,`update_by`,`update_time`,`remark`) values (1,'ceo','CEO',1,'0','admin','2018-03-16 11:33:00','ry','2018-03-16 11:33:00',''),(2,'se','project manager',2,'0','admin','2018-03-16 11:33:00','ry','2018-03-16 11:33:00',''),(3,'hr','human resources',3,'0','admin','2018-03-16 11:33:00','ry','2018-03-16 11:33:00',''),(4,'user','employee',4,'0','admin','2018-03-16 11:33:00','ry','2018-03-16 11:33:00','');

/*Table structure for table `sys_role` */

DROP TABLE IF EXISTS `sys_role`;

CREATE TABLE `sys_role` (
  `role_id` bigint(20) NOT NULL AUTO_INCREMENT COMMENT 'è§’è‰²ID',
  `role_name` varchar(30) NOT NULL COMMENT 'è§’è‰²åç§°',
  `role_key` varchar(100) NOT NULL COMMENT 'è§’è‰²æƒé™å­—ç¬¦ä¸²',
  `role_sort` int(4) NOT NULL COMMENT 'æ˜¾ç¤ºé¡ºåº',
  `data_scope` char(1) DEFAULT '1' COMMENT 'æ•°æ®èŒƒå›´ï¼ˆ1ï¼šå…¨éƒ¨æ•°æ®æƒé™ 2ï¼šè‡ªå®šæ•°æ®æƒé™ 3ï¼šæœ¬éƒ¨é—¨æ•°æ®æƒé™ 4ï¼šæœ¬éƒ¨é—¨åŠä»¥ä¸‹æ•°æ®æƒé™ï¼‰',
  `status` char(1) NOT NULL COMMENT 'è§’è‰²çŠ¶æ€ï¼ˆ0æ­£å¸¸ 1åœç”¨ï¼‰',
  `del_flag` char(1) DEFAULT '0' COMMENT 'åˆ é™¤æ ‡å¿—ï¼ˆ0ä»£è¡¨å­˜åœ¨ 2ä»£è¡¨åˆ é™¤ï¼‰',
  `create_by` varchar(64) DEFAULT '' COMMENT 'åˆ›å»ºè€…',
  `create_time` datetime DEFAULT NULL COMMENT 'åˆ›å»ºæ—¶é—´',
  `update_by` varchar(64) DEFAULT '' COMMENT 'æ›´æ–°è€…',
  `update_time` datetime DEFAULT NULL COMMENT 'æ›´æ–°æ—¶é—´',
  `remark` varchar(500) DEFAULT NULL COMMENT 'å¤‡æ³¨',
  PRIMARY KEY (`role_id`)
) ENGINE=InnoDB AUTO_INCREMENT=101 DEFAULT CHARSET=utf8 COMMENT='è§’è‰²ä¿¡æ¯è¡¨';

/*Data for the table `sys_role` */

insert  into `sys_role`(`role_id`,`role_name`,`role_key`,`role_sort`,`data_scope`,`status`,`del_flag`,`create_by`,`create_time`,`update_by`,`update_time`,`remark`) values (1,'è¶…çº§ç®¡ç†å‘˜','admin',1,'1','0','0','admin','2018-03-16 11:33:00','ry','2018-03-16 11:33:00','è¶…çº§ç®¡ç†å‘˜'),(2,'æ™®é€šè§’è‰²','common',2,'4','0','0','admin','2018-03-16 11:33:00','admin','2020-07-15 14:37:00','æ™®é€šè§’è‰²'),(100,'sys','sys',3,'1','0','2','admin','2020-07-14 11:45:15','admin','2020-07-14 11:57:44','æ™®é€šç®¡ç†å‘˜');

/*Table structure for table `sys_role_dept` */

DROP TABLE IF EXISTS `sys_role_dept`;

CREATE TABLE `sys_role_dept` (
  `role_id` bigint(20) NOT NULL COMMENT 'è§’è‰²ID',
  `dept_id` bigint(20) NOT NULL COMMENT 'éƒ¨é—¨ID',
  PRIMARY KEY (`role_id`,`dept_id`)
) ENGINE=InnoDB DEFAULT CHARSET=utf8 COMMENT='è§’è‰²å’Œéƒ¨é—¨å…³è”è¡¨';

/*Data for the table `sys_role_dept` */

/*Table structure for table `sys_role_menu` */

DROP TABLE IF EXISTS `sys_role_menu`;

CREATE TABLE `sys_role_menu` (
  `role_id` bigint(20) NOT NULL COMMENT 'è§’è‰²ID',
  `menu_id` bigint(20) NOT NULL COMMENT 'èœå•ID',
  PRIMARY KEY (`role_id`,`menu_id`)
) ENGINE=InnoDB DEFAULT CHARSET=utf8 COMMENT='è§’è‰²å’Œèœå•å…³è”è¡¨';

/*Data for the table `sys_role_menu` */

insert  into `sys_role_menu`(`role_id`,`menu_id`) values (2,1),(2,3),(2,100),(2,114),(2,1000),(2,1001),(2,1002),(2,1003),(2,1004),(2,1005),(2,1006),(2,1057),(2,1060),(2,1061),(100,1),(100,3),(100,100),(100,103),(100,114),(100,1000),(100,1001),(100,1002),(100,1003),(100,1004),(100,1005),(100,1006),(100,1016),(100,1017),(100,1018),(100,1019),(100,1057),(100,1058),(100,1059),(100,1060),(100,1061);

/*Table structure for table `sys_user` */

DROP TABLE IF EXISTS `sys_user`;

CREATE TABLE `sys_user` (
  `user_id` bigint(20) NOT NULL AUTO_INCREMENT COMMENT 'ç”¨æˆ·ID',
  `dept_id` bigint(20) DEFAULT NULL COMMENT 'éƒ¨é—¨ID',
  `login_name` varchar(30) NOT NULL COMMENT 'ç™»å½•è´¦å·',
  `user_name` varchar(30) DEFAULT '' COMMENT 'ç”¨æˆ·æ˜µç§°',
  `user_type` varchar(2) DEFAULT '00' COMMENT 'ç”¨æˆ·ç±»å‹ï¼ˆ00ç³»ç»Ÿç”¨æˆ· 01æ³¨å†Œç”¨æˆ·ï¼‰',
  `email` varchar(50) DEFAULT '' COMMENT 'ç”¨æˆ·é‚®ç®±',
  `phonenumber` varchar(11) DEFAULT '' COMMENT 'æ‰‹æœºå·ç ',
  `sex` char(1) DEFAULT '0' COMMENT 'ç”¨æˆ·æ€§åˆ«ï¼ˆ0ç”· 1å¥³ 2æœªçŸ¥ï¼‰',
  `avatar` varchar(100) DEFAULT '' COMMENT 'å¤´åƒè·¯å¾„',
  `password` varchar(50) DEFAULT '' COMMENT 'å¯†ç ',
  `salt` varchar(20) DEFAULT '' COMMENT 'ç›åŠ å¯†',
  `status` char(1) DEFAULT '0' COMMENT 'å¸å·çŠ¶æ€ï¼ˆ0æ­£å¸¸ 1åœç”¨ï¼‰',
  `del_flag` char(1) DEFAULT '0' COMMENT 'åˆ é™¤æ ‡å¿—ï¼ˆ0ä»£è¡¨å­˜åœ¨ 2ä»£è¡¨åˆ é™¤ï¼‰',
  `login_ip` varchar(50) DEFAULT '' COMMENT 'æœ€åç™»é™†IP',
  `login_date` datetime DEFAULT NULL COMMENT 'æœ€åç™»é™†æ—¶é—´',
  `create_by` varchar(64) DEFAULT '' COMMENT 'åˆ›å»ºè€…',
  `create_time` datetime DEFAULT NULL COMMENT 'åˆ›å»ºæ—¶é—´',
  `update_by` varchar(64) DEFAULT '' COMMENT 'æ›´æ–°è€…',
  `update_time` datetime DEFAULT NULL COMMENT 'æ›´æ–°æ—¶é—´',
  `remark` varchar(500) DEFAULT NULL COMMENT 'å¤‡æ³¨',
  PRIMARY KEY (`user_id`)
) ENGINE=InnoDB AUTO_INCREMENT=106 DEFAULT CHARSET=utf8 COMMENT='ç”¨æˆ·ä¿¡æ¯è¡¨';

/*Data for the table `sys_user` */

insert  into `sys_user`(`user_id`,`dept_id`,`login_name`,`user_name`,`user_type`,`email`,`phonenumber`,`sex`,`avatar`,`password`,`salt`,`status`,`del_flag`,`login_ip`,`login_date`,`create_by`,`create_time`,`update_by`,`update_time`,`remark`) values (1,103,'admin','administrator','00','978253922@qq.com','15212425895','1','','80f6ec6377775782112984228d2694b8','105624','0','0','127.0.0.1','2020-07-24 11:51:46','admin','2018-03-16 11:33:00','ry','2020-07-24 11:48:43','ç®¡ç†å‘˜'),(2,105,'ry','ruoyi','00','ry@qq.com','15666666666','1','','60f904d47890c481a652ddeef449b91b','735ff9','0','0','220.178.0.62','2020-07-15 16:30:53','admin','2018-03-16 11:33:00','ry','2020-07-15 16:30:52','æµ‹è¯•å‘˜'),(104,202,'ysadmin','movieAdmin','00','97825332@qq.com','15212425892','0','','33e86ee04369e2bbbb21c14b3f33d2bf','2d8dbd','0','0','127.0.0.1','2020-07-15 15:06:58','admin','2020-07-15 15:04:06','','2020-07-15 15:04:21',NULL),(105,103,'test','æµ‹è¯•ç®¡ç†å‘˜','00','9785258966@qq.com','14755256347','0','','752911a31c1fe343fb823904f21407f2','273764','0','2','',NULL,'admin','2020-07-23 20:45:15','',NULL,NULL);

/*Table structure for table `sys_user_online` */

DROP TABLE IF EXISTS `sys_user_online`;

CREATE TABLE `sys_user_online` (
  `sessionId` varchar(50) NOT NULL DEFAULT '' COMMENT 'ç”¨æˆ·ä¼šè¯id',
  `login_name` varchar(50) DEFAULT '' COMMENT 'ç™»å½•è´¦å·',
  `dept_name` varchar(50) DEFAULT '' COMMENT 'éƒ¨é—¨åç§°',
  `ipaddr` varchar(50) DEFAULT '' COMMENT 'ç™»å½•IPåœ°å€',
  `login_location` varchar(255) DEFAULT '' COMMENT 'ç™»å½•åœ°ç‚¹',
  `browser` varchar(50) DEFAULT '' COMMENT 'æµè§ˆå™¨ç±»å‹',
  `os` varchar(50) DEFAULT '' COMMENT 'æ“ä½œç³»ç»Ÿ',
  `status` varchar(10) DEFAULT '' COMMENT 'åœ¨çº¿çŠ¶æ€on_lineåœ¨çº¿off_lineç¦»çº¿',
  `start_timestamp` datetime DEFAULT NULL COMMENT 'sessionåˆ›å»ºæ—¶é—´',
  `last_access_time` datetime DEFAULT NULL COMMENT 'sessionæœ€åè®¿é—®æ—¶é—´',
  `expire_time` int(5) DEFAULT '0' COMMENT 'è¶…æ—¶æ—¶é—´ï¼Œå•ä½ä¸ºåˆ†é’Ÿ',
  PRIMARY KEY (`sessionId`)
) ENGINE=InnoDB DEFAULT CHARSET=utf8 COMMENT='åœ¨çº¿ç”¨æˆ·è®°å½•';

/*Data for the table `sys_user_online` */

/*Table structure for table `sys_user_post` */

DROP TABLE IF EXISTS `sys_user_post`;

CREATE TABLE `sys_user_post` (
  `user_id` bigint(20) NOT NULL COMMENT 'ç”¨æˆ·ID',
  `post_id` bigint(20) NOT NULL COMMENT 'å²—ä½ID',
  PRIMARY KEY (`user_id`,`post_id`)
) ENGINE=InnoDB DEFAULT CHARSET=utf8 COMMENT='ç”¨æˆ·ä¸å²—ä½å…³è”è¡¨';

/*Data for the table `sys_user_post` */

insert  into `sys_user_post`(`user_id`,`post_id`) values (1,1),(2,2),(100,4),(101,2);

/*Table structure for table `sys_user_role` */

DROP TABLE IF EXISTS `sys_user_role`;

CREATE TABLE `sys_user_role` (
  `user_id` bigint(20) NOT NULL COMMENT 'ç”¨æˆ·ID',
  `role_id` bigint(20) NOT NULL COMMENT 'è§’è‰²ID',
  PRIMARY KEY (`user_id`,`role_id`)
) ENGINE=InnoDB DEFAULT CHARSET=utf8 COMMENT='ç”¨æˆ·å’Œè§’è‰²å…³è”è¡¨';

/*Data for the table `sys_user_role` */

insert  into `sys_user_role`(`user_id`,`role_id`) values (1,1),(2,2),(101,2),(103,2),(104,2),(105,2);

/*!40101 SET SQL_MODE=@OLD_SQL_MODE */;
/*!40014 SET FOREIGN_KEY_CHECKS=@OLD_FOREIGN_KEY_CHECKS */;
/*!40014 SET UNIQUE_CHECKS=@OLD_UNIQUE_CHECKS */;
/*!40111 SET SQL_NOTES=@OLD_SQL_NOTES */;
